level,city,town,name,Life expectancy_2010-2015,Any disability_2021,Mobility disability_2021,Coronary heart disease_2021,Current asthma_2021,Diabetes_2021,High blood pressure_2021,Annual checkup_2021,Dental visit_2020,Health insurance_2021,Current smoking_2021,Sleep <7 hours_2020
neighborhood,Bridgeport,NA,Black Rock,80.4,0.24,0.11,0.05,0.11,0.09,0.26,0.7,0.65,0.12,0.14,0.34
neighborhood,Bridgeport,NA,Brooklawn-St. Vincent,79.3,0.27,0.12,0.05,0.12,0.1,0.28,0.71,0.6,0.16,0.17,0.37
neighborhood,Bridgeport,NA,Downtown,73.4,0.3,0.15,0.06,0.12,0.13,0.31,0.73,0.56,0.16,0.17,0.37
neighborhood,Bridgeport,NA,East End,76.3,0.33,0.17,0.06,0.14,0.14,0.34,0.74,0.51,0.19,0.21,0.42
neighborhood,Bridgeport,NA,East Side,75.9,0.35,0.17,0.05,0.13,0.14,0.3,0.7,0.47,0.27,0.21,0.39
neighborhood,Bridgeport,NA,Enterprise,76,0.28,0.13,0.04,0.12,0.11,0.28,0.71,0.57,0.18,0.18,0.38
neighborhood,Bridgeport,NA,Hollow,75.8,0.36,0.17,0.05,0.13,0.13,0.29,0.69,0.44,0.27,0.24,0.41
neighborhood,Bridgeport,NA,Mill Hill,76.3,0.32,0.17,0.06,0.13,0.14,0.33,0.73,0.54,0.18,0.19,0.39
neighborhood,Bridgeport,NA,North End,79.1,0.25,0.12,0.05,0.11,0.09,0.28,0.72,0.66,0.11,0.14,0.34
neighborhood,Bridgeport,NA,Reservoir-Whiskey Hill,80.3,0.28,0.14,0.05,0.13,0.12,0.32,0.74,0.59,0.15,0.17,0.4
neighborhood,Bridgeport,NA,South End,79.1,0.25,0.1,0.03,0.12,0.08,0.22,0.69,0.57,0.14,0.15,0.36
neighborhood,Bridgeport,NA,Upper East Side,76.1,0.29,0.15,0.06,0.12,0.12,0.32,0.74,0.59,0.16,0.17,0.37
neighborhood,Bridgeport,NA,West End-West Side,75.6,0.35,0.17,0.05,0.13,0.14,0.31,0.71,0.47,0.24,0.22,0.4
neighborhood,Hartford,Hartford,Asylum Hill,79.3,0.34,0.15,0.05,0.14,0.14,0.35,0.77,0.54,0.14,0.19,0.43
neighborhood,Hartford,Hartford,Barry Square,77.8,0.41,0.17,0.05,0.15,0.15,0.31,0.73,0.47,0.23,0.21,0.4
neighborhood,Hartford,Hartford,Behind the Rocks,77.9,0.38,0.17,0.06,0.13,0.16,0.33,0.75,0.5,0.23,0.2,0.4
neighborhood,Hartford,Hartford,Blue Hills,77.2,0.34,0.14,0.05,0.15,0.13,0.35,0.79,0.59,0.09,0.16,0.43
neighborhood,Hartford,Hartford,Clay Arsenal,74.8,0.46,0.23,0.07,0.16,0.2,0.4,0.77,0.41,0.24,0.26,0.45
neighborhood,Hartford,Hartford,Downtown,81.2,0.18,0.05,0.03,0.11,0.06,0.22,0.73,0.75,0.05,0.08,0.32
neighborhood,Hartford,Hartford,Frog Hollow,75.9,0.39,0.17,0.06,0.13,0.15,0.31,0.73,0.49,0.25,0.2,0.4
neighborhood,Hartford,Hartford,Northeast,77.4,0.35,0.17,0.06,0.14,0.16,0.4,0.81,0.58,0.11,0.18,0.43
neighborhood,Hartford,Hartford,Parkville,73.7,0.42,0.2,0.07,0.14,0.17,0.35,0.74,0.46,0.24,0.23,0.41
neighborhood,Hartford,Hartford,Sheldon Charter Oak,76.5,0.36,0.17,0.06,0.13,0.15,0.34,0.75,0.52,0.19,0.19,0.39
neighborhood,Hartford,Hartford,South End & South Meadows,78.2,0.37,0.17,0.06,0.13,0.14,0.33,0.74,0.53,0.2,0.2,0.39
neighborhood,Hartford,Hartford,South Green,71.9,0.39,0.18,0.07,0.13,0.17,0.35,0.76,0.51,0.22,0.19,0.39
neighborhood,Hartford,Hartford,Southwest,78.3,0.34,0.16,0.06,0.12,0.14,0.35,0.77,0.6,0.16,0.15,0.37
neighborhood,Hartford,Hartford,Upper Albany,77,0.42,0.23,0.07,0.16,0.2,0.45,0.81,0.47,0.15,0.25,0.48
neighborhood,Hartford,Hartford,West End,76.6,0.33,0.14,0.06,0.13,0.13,0.33,0.76,0.59,0.13,0.17,0.38
neighborhood,Hartford,West Hartford,Bishops Corner West,83.5,0.23,0.11,0.06,0.1,0.1,0.34,0.8,0.79,0.04,0.08,0.29
neighborhood,Hartford,West Hartford,Buena Vista,81.5,0.26,0.12,0.07,0.1,0.11,0.37,0.81,0.77,0.04,0.09,0.3
neighborhood,Hartford,West Hartford,Corbins Corner,81.9,0.26,0.12,0.06,0.11,0.1,0.32,0.78,0.74,0.06,0.11,0.32
neighborhood,Hartford,West Hartford,Elizabeth Park,86.2,0.19,0.08,0.05,0.1,0.08,0.3,0.79,0.81,0.03,0.08,0.29
neighborhood,Hartford,West Hartford,Farmington East,83.5,0.23,0.09,0.05,0.11,0.08,0.28,0.77,0.76,0.05,0.09,0.31
neighborhood,Hartford,West Hartford,Golf Acres,81,0.27,0.12,0.06,0.11,0.11,0.36,0.81,0.75,0.05,0.09,0.32
neighborhood,Hartford,West Hartford,Kennedy Park,79.9,0.25,0.1,0.04,0.12,0.09,0.28,0.75,0.68,0.08,0.13,0.35
neighborhood,Hartford,West Hartford,Mountain West,81.4,0.19,0.08,0.05,0.1,0.09,0.32,0.8,0.83,0.03,0.07,0.28
neighborhood,Hartford,West Hartford,New Park,80,0.26,0.11,0.05,0.12,0.1,0.3,0.76,0.67,0.09,0.14,0.36
neighborhood,Hartford,West Hartford,Rockledge,83.1,0.21,0.09,0.05,0.11,0.08,0.3,0.78,0.78,0.04,0.09,0.31
neighborhood,Hartford,West Hartford,West Hartford Center,83.1,0.18,0.07,0.04,0.1,0.07,0.28,0.78,0.82,0.03,0.07,0.29
neighborhood,New Haven,NA,Amity,77,0.3,0.14,0.05,0.13,0.13,0.35,0.77,0.6,0.1,0.2,0.43
neighborhood,New Haven,NA,Annex,80.4,0.29,0.12,0.04,0.12,0.11,0.29,0.72,0.59,0.16,0.2,0.4
neighborhood,New Haven,NA,Beaver Hills,75.8,0.27,0.12,0.04,0.13,0.11,0.33,0.77,0.63,0.09,0.17,0.42
neighborhood,New Haven,NA,Dixwell,73.2,0.34,0.16,0.05,0.13,0.15,0.38,0.76,0.53,0.14,0.22,0.45
neighborhood,New Haven,NA,Downtown,79.2,0.2,0.04,0.02,0.11,0.04,0.15,0.68,0.7,0.07,0.1,0.34
neighborhood,New Haven,NA,Dwight,78,0.31,0.13,0.04,0.13,0.12,0.3,0.73,0.54,0.14,0.21,0.42
neighborhood,New Haven,NA,East Rock,82.8,0.19,0.07,0.03,0.11,0.06,0.21,0.71,0.71,0.07,0.11,0.34
neighborhood,New Haven,NA,East Shore,80.7,0.23,0.1,0.05,0.1,0.09,0.3,0.76,0.75,0.06,0.13,0.33
neighborhood,New Haven,NA,Edgewood,77.9,0.31,0.14,0.04,0.14,0.12,0.34,0.76,0.56,0.12,0.23,0.45
neighborhood,New Haven,NA,Fair Haven,78.2,0.35,0.15,0.05,0.12,0.13,0.31,0.72,0.52,0.23,0.22,0.41
neighborhood,New Haven,NA,Fair Haven Heights,75,0.36,0.2,0.09,0.12,0.16,0.4,0.78,0.59,0.15,0.2,0.39
neighborhood,New Haven,NA,Hill,75.9,0.39,0.2,0.06,0.13,0.17,0.36,0.74,0.48,0.23,0.24,0.43
neighborhood,New Haven,NA,Newhallville,71.7,0.42,0.24,0.07,0.16,0.21,0.46,0.8,0.44,0.15,0.29,0.5
neighborhood,New Haven,NA,Prospect Hill,82.3,0.22,0.09,0.03,0.11,0.08,0.25,0.73,0.68,0.07,0.13,0.37
neighborhood,New Haven,NA,Quinnipiac Meadows,81.6,0.27,0.12,0.04,0.12,0.11,0.3,0.74,0.62,0.12,0.18,0.41
neighborhood,New Haven,NA,West River,74.6,0.4,0.22,0.07,0.15,0.18,0.43,0.78,0.48,0.17,0.26,0.46
neighborhood,New Haven,NA,West Rock,78.2,0.3,0.09,0.03,0.14,0.08,0.23,0.72,0.62,0.1,0.15,0.38
neighborhood,New Haven,NA,Westville,82.3,0.22,0.09,0.04,0.11,0.08,0.27,0.75,0.73,0.06,0.12,0.35
neighborhood,New Haven,NA,Wooster Square,83.5,0.24,0.09,0.04,0.11,0.08,0.25,0.72,0.66,0.1,0.15,0.36
neighborhood,Stamford,NA,Belltown,81.5,0.19,0.08,0.04,0.1,0.07,0.24,0.72,0.74,0.07,0.11,0.31
neighborhood,Stamford,NA,Cove-East Side,81.4,0.23,0.1,0.04,0.1,0.08,0.25,0.7,0.66,0.14,0.13,0.33
neighborhood,Stamford,NA,Downtown,81.2,0.18,0.07,0.03,0.1,0.07,0.21,0.69,0.71,0.08,0.1,0.32
neighborhood,Stamford,NA,Glenbrook,81.7,0.2,0.09,0.04,0.1,0.08,0.25,0.72,0.72,0.08,0.12,0.32
neighborhood,Stamford,NA,Newfield,82.7,0.17,0.08,0.05,0.1,0.07,0.26,0.75,0.81,0.04,0.08,0.27
neighborhood,Stamford,NA,North Stamford,86,0.16,0.08,0.05,0.09,0.07,0.26,0.75,0.82,0.03,0.07,0.27
neighborhood,Stamford,NA,Palmers Hill,84.6,0.17,0.08,0.05,0.09,0.07,0.26,0.75,0.8,0.04,0.08,0.28
neighborhood,Stamford,NA,Ridgeway,84.1,0.19,0.08,0.04,0.1,0.07,0.24,0.72,0.73,0.09,0.11,0.32
neighborhood,Stamford,NA,Roxbury,85.4,0.18,0.09,0.05,0.09,0.07,0.28,0.76,0.8,0.04,0.08,0.27
neighborhood,Stamford,NA,Shippan,84.2,0.15,0.07,0.04,0.09,0.06,0.25,0.74,0.82,0.03,0.07,0.27
neighborhood,Stamford,NA,South End,78.1,0.2,0.08,0.03,0.1,0.07,0.21,0.68,0.66,0.15,0.11,0.33
neighborhood,Stamford,NA,Springdale,81.8,0.2,0.09,0.04,0.1,0.07,0.25,0.72,0.71,0.08,0.12,0.32
neighborhood,Stamford,NA,Turn Of River,83.6,0.18,0.08,0.05,0.1,0.07,0.25,0.74,0.78,0.05,0.09,0.29
neighborhood,Stamford,NA,Waterside,82,0.2,0.09,0.04,0.1,0.08,0.26,0.73,0.72,0.09,0.11,0.31
neighborhood,Stamford,NA,West Side,80,0.26,0.13,0.05,0.11,0.1,0.28,0.72,0.62,0.16,0.15,0.35
neighborhood,Stamford,NA,Westover,84.6,0.17,0.08,0.05,0.09,0.07,0.26,0.75,0.8,0.04,0.08,0.28
state,NA,NA,Connecticut,80.3,0.25,0.11,0.05,0.11,0.09,0.3,0.75,0.7,0.08,0.14,0.34
puma,NA,NA,0900100,81.9,0.2,0.09,0.05,0.1,0.07,0.25,0.72,0.73,0.08,0.12,0.31
puma,NA,NA,0900101,83.1,0.17,0.08,0.04,0.1,0.07,0.25,0.74,0.8,0.04,0.09,0.28
puma,NA,NA,0900102,82.6,0.2,0.09,0.05,0.1,0.08,0.26,0.73,0.73,0.08,0.11,0.31
puma,NA,NA,0900103,83.3,0.19,0.09,0.05,0.1,0.08,0.26,0.73,0.74,0.08,0.11,0.31
puma,NA,NA,0900105,81.3,0.2,0.1,0.05,0.1,0.08,0.27,0.74,0.75,0.06,0.11,0.3
puma,NA,NA,0900300,80.3,0.25,0.11,0.05,0.11,0.1,0.32,0.77,0.73,0.06,0.13,0.34
puma,NA,NA,0900301,78.7,0.29,0.13,0.06,0.12,0.11,0.32,0.77,0.66,0.09,0.15,0.36
puma,NA,NA,0900303,82.1,0.23,0.1,0.05,0.11,0.1,0.32,0.79,0.76,0.04,0.1,0.32
puma,NA,NA,0900304,80.1,0.26,0.12,0.06,0.12,0.1,0.32,0.77,0.71,0.06,0.14,0.33
puma,NA,NA,0900305,77.7,0.32,0.14,0.06,0.12,0.11,0.32,0.76,0.63,0.12,0.17,0.36
puma,NA,NA,0900306,81.3,0.24,0.11,0.06,0.11,0.09,0.32,0.78,0.76,0.05,0.11,0.32
puma,NA,NA,0900900,81,0.22,0.1,0.05,0.1,0.08,0.3,0.76,0.76,0.05,0.13,0.33
puma,NA,NA,0900902,80.3,0.25,0.11,0.05,0.11,0.09,0.3,0.75,0.71,0.08,0.15,0.35
puma,NA,NA,0900903,79.3,0.24,0.11,0.05,0.11,0.09,0.3,0.76,0.73,0.07,0.14,0.35
puma,NA,NA,0900904,79.5,0.24,0.11,0.05,0.11,0.09,0.3,0.75,0.72,0.07,0.14,0.35
puma,NA,NA,0900906,81,0.23,0.11,0.06,0.1,0.09,0.31,0.77,0.76,0.05,0.13,0.33
puma,NA,NA,0901100,79.5,0.25,0.11,0.05,0.11,0.09,0.29,0.77,0.72,0.07,0.16,0.35
puma,NA,NA,0901101,80,0.25,0.11,0.05,0.11,0.09,0.29,0.77,0.72,0.07,0.14,0.33
region,NA,NA,6 wealthiest Fairfield County,84.1,0.16,0.07,0.04,0.09,0.07,0.26,0.75,0.81,0.03,0.08,0.27
region,NA,NA,Backus Hospital HSA,79.2,0.27,0.11,0.05,0.11,0.1,0.29,0.76,0.7,0.08,0.17,0.35
region,NA,NA,Backus Hospital HSA other towns,80.2,0.25,0.11,0.05,0.11,0.09,0.29,0.76,0.72,0.07,0.17,0.35
region,NA,NA,Capitol Region COG,79.9,0.27,0.12,0.05,0.12,0.1,0.32,0.77,0.69,0.08,0.14,0.34
region,NA,NA,Charlotte Hungerford HSA,79.9,0.25,0.12,0.06,0.11,0.09,0.3,0.75,0.71,0.06,0.14,0.33
region,NA,NA,Charlotte Hungerford HSA other towns,81.4,0.23,0.11,0.06,0.1,0.09,0.3,0.76,0.74,0.05,0.12,0.32
region,NA,NA,Connecticut Metro COG,79.8,0.24,0.12,0.05,0.11,0.09,0.28,0.73,0.67,0.11,0.14,0.33
region,NA,NA,Eastern Connecticut Health Network,79.7,0.25,0.11,0.05,0.11,0.1,0.31,0.77,0.7,0.07,0.14,0.34
region,NA,NA,Eastern Connecticut Health Network other towns,81.5,0.21,0.09,0.05,0.11,0.08,0.29,0.78,0.75,0.05,0.12,0.32
region,NA,NA,Eastern cities,77.9,0.29,0.12,0.05,0.12,0.1,0.28,0.75,0.66,0.1,0.17,0.36
region,NA,NA,Fairfield County,81.6,0.21,0.1,0.05,0.1,0.08,0.26,0.73,0.72,0.09,0.12,0.31
region,NA,NA,Greater Bridgeport,79.8,0.24,0.12,0.05,0.11,0.09,0.28,0.73,0.67,0.11,0.14,0.33
region,NA,NA,Greater Danbury,82,0.2,0.09,0.05,0.1,0.08,0.26,0.73,0.74,0.07,0.12,0.31
region,NA,NA,Greater Danbury other towns,82.5,0.19,0.09,0.05,0.1,0.07,0.27,0.75,0.78,0.04,0.1,0.29
region,NA,NA,Greater Hartford,79.9,0.27,0.12,0.05,0.12,0.1,0.32,0.77,0.69,0.08,0.14,0.34
region,NA,NA,Greater New Haven,79.8,0.25,0.11,0.05,0.11,0.1,0.31,0.75,0.7,0.08,0.15,0.36
region,NA,NA,Greater Norwalk,83.6,0.19,0.09,0.05,0.1,0.08,0.26,0.73,0.75,0.07,0.1,0.3
region,NA,NA,Greater Norwalk other towns,84.8,0.16,0.08,0.05,0.09,0.07,0.26,0.75,0.81,0.03,0.08,0.27
region,NA,NA,Greater Waterbury,79.7,0.26,0.12,0.06,0.11,0.1,0.31,0.75,0.69,0.08,0.16,0.35
region,NA,NA,Hartford County,79.8,0.28,0.12,0.06,0.12,0.11,0.33,0.77,0.69,0.08,0.14,0.35
region,NA,NA,Hartford Foundation,80.2,0.27,0.12,0.05,0.12,0.1,0.32,0.78,0.7,0.08,0.13,0.34
region,NA,NA,Hartford Foundation other towns,80.7,0.25,0.11,0.05,0.11,0.1,0.32,0.78,0.73,0.06,0.12,0.33
region,NA,NA,Hartford Hospital HSA,79.5,0.29,0.13,0.06,0.12,0.11,0.33,0.77,0.67,0.09,0.14,0.36
region,NA,NA,Hartford Hospital HSA other towns,80.2,0.26,0.12,0.06,0.11,0.1,0.33,0.78,0.71,0.07,0.13,0.34
region,NA,NA,Hartford Inner Ring,80.1,0.26,0.12,0.06,0.11,0.1,0.33,0.78,0.71,0.07,0.13,0.34
region,NA,NA,Hartford Outer Ring,81.5,0.23,0.09,0.05,0.11,0.08,0.3,0.78,0.75,0.05,0.12,0.32
region,NA,NA,Health Improvement Collaborative of Southeastern Connecticut area,80.2,0.25,0.1,0.05,0.11,0.09,0.29,0.77,0.73,0.07,0.14,0.33
region,NA,NA,Health Improvement Collaborative of Southeastern Connecticut area other towns,80.8,0.24,0.1,0.05,0.11,0.09,0.29,0.78,0.75,0.06,0.13,0.33
region,NA,NA,Hospital of Central Connecticut HSA,79.1,0.29,0.13,0.06,0.12,0.1,0.32,0.76,0.68,0.08,0.15,0.34
region,NA,NA,Hospital of Central Connecticut HSA other towns,80,0.26,0.12,0.06,0.11,0.1,0.32,0.77,0.72,0.06,0.14,0.33
region,NA,NA,Litchfield County,80.3,0.24,0.11,0.06,0.1,0.09,0.29,0.75,0.72,0.06,0.13,0.32
region,NA,NA,Lower Connecticut River Valley COG,81.1,0.23,0.1,0.05,0.11,0.09,0.29,0.78,0.74,0.05,0.13,0.3
region,NA,NA,Lower Naugatuck Valley,79.8,0.23,0.11,0.05,0.11,0.09,0.29,0.74,0.72,0.07,0.15,0.34
region,NA,NA,MidState Medical Center HSA,80.3,0.24,0.11,0.05,0.11,0.09,0.3,0.76,0.73,0.07,0.14,0.34
region,NA,NA,MidState Medical Center HSA other towns,80.9,0.23,0.1,0.05,0.11,0.08,0.3,0.76,0.76,0.05,0.13,0.33
region,NA,NA,Middlesex County,81,0.23,0.1,0.05,0.11,0.09,0.29,0.78,0.74,0.05,0.13,0.3
region,NA,NA,Natchaug Hospital HSA,79.8,0.28,0.1,0.05,0.12,0.08,0.26,0.75,0.67,0.09,0.15,0.34
region,NA,NA,Natchaug Hospital HSA other towns,81.2,0.25,0.09,0.04,0.12,0.07,0.25,0.75,0.69,0.06,0.13,0.34
region,NA,NA,Naugatuck Valley COG,79.4,0.26,0.12,0.06,0.11,0.1,0.31,0.75,0.69,0.08,0.16,0.35
region,NA,NA,New Haven County,79.5,0.26,0.12,0.05,0.11,0.1,0.31,0.75,0.69,0.09,0.16,0.36
region,NA,NA,New Haven Inner Ring,78.9,0.25,0.11,0.05,0.11,0.09,0.3,0.75,0.7,0.08,0.15,0.36
region,NA,NA,New Haven Outer Ring,81.6,0.22,0.1,0.05,0.1,0.09,0.31,0.77,0.78,0.05,0.12,0.32
region,NA,NA,New London County,79.7,0.25,0.11,0.05,0.11,0.09,0.29,0.77,0.72,0.07,0.15,0.34
region,NA,NA,North Central DMHAS,79.9,0.27,0.12,0.06,0.12,0.1,0.32,0.77,0.69,0.08,0.14,0.34
region,NA,NA,Northeastern Connecticut COG,79.7,0.27,0.12,0.05,0.11,0.1,0.31,0.75,0.71,0.07,0.17,0.34
region,NA,NA,Northwest Hills COG,80.3,0.24,0.12,0.06,0.1,0.09,0.3,0.75,0.72,0.06,0.13,0.32
region,NA,NA,Other New Haven County cities,79.7,0.25,0.11,0.05,0.11,0.09,0.3,0.75,0.7,0.09,0.16,0.35
region,NA,NA,QVHD,81,0.22,0.1,0.05,0.11,0.09,0.3,0.76,0.75,0.05,0.12,0.34
region,NA,NA,Sharon Hospital HSA,79.7,0.24,0.12,0.07,0.1,0.1,0.32,0.77,0.74,0.05,0.12,0.31
region,NA,NA,South Central DMHAS,80,0.25,0.11,0.05,0.11,0.09,0.3,0.76,0.71,0.08,0.14,0.34
region,NA,NA,South Central Regional COG,79.8,0.25,0.11,0.05,0.11,0.1,0.3,0.75,0.7,0.08,0.15,0.36
region,NA,NA,Southeastern Connecticut COG,79.4,0.26,0.11,0.05,0.11,0.1,0.29,0.77,0.71,0.08,0.16,0.34
region,NA,NA,Southeastern DMHAS,79.7,0.26,0.11,0.05,0.11,0.09,0.29,0.76,0.71,0.07,0.15,0.34
region,NA,NA,Southwestern DMHAS,81.5,0.21,0.1,0.05,0.1,0.08,0.27,0.73,0.71,0.09,0.12,0.32
region,NA,NA,St. Vincent's Medical Center HSA,79.8,0.24,0.11,0.05,0.11,0.09,0.28,0.73,0.68,0.1,0.14,0.33
region,NA,NA,St. Vincent's Medical Center HSA other towns,81.2,0.2,0.09,0.05,0.1,0.08,0.27,0.74,0.76,0.06,0.11,0.3
region,NA,NA,Stamford Hospital HSA,82.1,0.2,0.09,0.04,0.1,0.08,0.25,0.72,0.72,0.09,0.11,0.31
region,NA,NA,Tolland County,81.1,0.23,0.09,0.05,0.11,0.08,0.28,0.77,0.71,0.06,0.13,0.33
region,NA,NA,Western Connecticut COG,82.6,0.19,0.09,0.05,0.1,0.08,0.26,0.73,0.74,0.07,0.11,0.3
region,NA,NA,Western DMHAS,80.4,0.24,0.11,0.05,0.11,0.09,0.29,0.74,0.71,0.08,0.14,0.33
region,NA,NA,Windham County,79.1,0.29,0.13,0.05,0.12,0.1,0.31,0.74,0.68,0.08,0.17,0.34
region,NA,NA,Windham Hospital HSA,79.8,0.28,0.1,0.05,0.12,0.08,0.26,0.75,0.67,0.09,0.15,0.34
region,NA,NA,Windham Hospital HSA other towns,81.2,0.25,0.09,0.04,0.12,0.07,0.25,0.75,0.69,0.06,0.13,0.34
town,NA,NA,Andover,85.2,0.21,0.09,0.05,0.11,0.08,0.29,0.78,0.75,0.05,0.14,0.33
town,NA,NA,Ansonia,76.4,0.27,0.13,0.06,0.11,0.1,0.31,0.75,0.67,0.09,0.18,0.37
town,NA,NA,Ashford,78.1,0.24,0.11,0.05,0.11,0.09,0.3,0.75,0.73,0.06,0.15,0.33
town,NA,NA,Avon,83.1,0.21,0.09,0.05,0.1,0.09,0.31,0.79,0.8,0.03,0.09,0.3
town,NA,NA,Barkhamsted,81.8,0.21,0.1,0.05,0.1,0.08,0.28,0.75,0.75,0.05,0.12,0.32
town,NA,NA,Berlin,80.6,0.25,0.11,0.06,0.11,0.1,0.33,0.78,0.75,0.05,0.12,0.32
town,NA,NA,Bethany,82.6,0.2,0.09,0.05,0.1,0.08,0.3,0.76,0.78,0.04,0.12,0.33
town,NA,NA,Bethel,81.3,0.19,0.09,0.04,0.1,0.07,0.25,0.72,0.76,0.06,0.11,0.3
town,NA,NA,Bethlehem,81.1,0.21,0.1,0.05,0.1,0.09,0.29,0.76,0.75,0.04,0.12,0.31
town,NA,NA,Bloomfield,80.1,0.3,0.15,0.07,0.12,0.14,0.42,0.83,0.69,0.06,0.13,0.38
town,NA,NA,Bolton,80.9,0.22,0.1,0.05,0.11,0.09,0.31,0.78,0.74,0.05,0.13,0.32
town,NA,NA,Bozrah,77.9,0.24,0.1,0.06,0.11,0.09,0.29,0.77,0.75,0.06,0.15,0.34
town,NA,NA,Branford,80.3,0.23,0.11,0.06,0.1,0.09,0.32,0.77,0.76,0.05,0.13,0.33
town,NA,NA,Bridgeport,77.7,0.3,0.14,0.05,0.12,0.12,0.3,0.72,0.56,0.18,0.18,0.38
town,NA,NA,Bridgewater,81.5,0.21,0.1,0.06,0.1,0.09,0.32,0.78,0.78,0.04,0.1,0.29
town,NA,NA,Bristol,79.3,0.29,0.13,0.06,0.12,0.1,0.32,0.76,0.68,0.08,0.16,0.34
town,NA,NA,Brookfield,81.2,0.19,0.09,0.05,0.1,0.07,0.26,0.73,0.77,0.05,0.11,0.3
town,NA,NA,Brooklyn,79.7,0.28,0.13,0.06,0.11,0.1,0.32,0.75,0.7,0.07,0.17,0.34
town,NA,NA,Burlington,82.8,0.21,0.09,0.05,0.11,0.08,0.29,0.77,0.77,0.04,0.12,0.32
town,NA,NA,Canton,81.9,0.23,0.1,0.05,0.11,0.09,0.32,0.78,0.77,0.04,0.11,0.31
town,NA,NA,Chaplin,78.3,0.26,0.12,0.05,0.11,0.1,0.31,0.74,0.71,0.06,0.16,0.34
town,NA,NA,Cheshire,81.5,0.2,0.08,0.05,0.1,0.08,0.28,0.76,0.78,0.05,0.11,0.32
town,NA,NA,Chester,82.4,0.25,0.12,0.06,0.11,0.1,0.33,0.8,0.76,0.05,0.12,0.29
town,NA,NA,Clinton,81,0.23,0.1,0.05,0.11,0.09,0.29,0.78,0.74,0.05,0.13,0.3
town,NA,NA,Colchester,78.8,0.22,0.09,0.05,0.11,0.08,0.27,0.77,0.76,0.05,0.14,0.33
town,NA,NA,Colebrook,80.9,0.22,0.1,0.06,0.1,0.09,0.29,0.75,0.74,0.05,0.13,0.32
town,NA,NA,Columbia,81.9,0.21,0.09,0.05,0.11,0.08,0.3,0.79,0.76,0.04,0.12,0.32
town,NA,NA,Coventry,81.2,0.2,0.08,0.04,0.11,0.07,0.27,0.77,0.76,0.04,0.13,0.33
town,NA,NA,Cromwell,81.3,0.23,0.11,0.06,0.11,0.09,0.3,0.78,0.74,0.05,0.12,0.3
town,NA,NA,Danbury,81.4,0.23,0.1,0.05,0.11,0.08,0.25,0.7,0.67,0.12,0.14,0.33
town,NA,NA,Darien,83.4,0.15,0.07,0.04,0.09,0.06,0.24,0.74,0.82,0.04,0.08,0.27
town,NA,NA,Deep River,77.9,0.21,0.09,0.05,0.1,0.08,0.28,0.78,0.77,0.05,0.12,0.3
town,NA,NA,Derby,78.5,0.28,0.13,0.06,0.11,0.1,0.32,0.75,0.67,0.09,0.18,0.36
town,NA,NA,Durham,81.1,0.2,0.09,0.05,0.1,0.08,0.28,0.78,0.78,0.04,0.12,0.29
town,NA,NA,East Granby,83.4,0.23,0.1,0.05,0.11,0.09,0.31,0.78,0.76,0.04,0.12,0.32
town,NA,NA,East Haddam,83.3,0.22,0.1,0.05,0.11,0.09,0.29,0.78,0.74,0.05,0.14,0.31
town,NA,NA,East Hampton,82.6,0.22,0.1,0.05,0.11,0.08,0.28,0.77,0.74,0.05,0.14,0.31
town,NA,NA,East Hartford,77.7,0.32,0.15,0.06,0.13,0.13,0.35,0.77,0.61,0.12,0.17,0.38
town,NA,NA,East Haven,78.8,0.27,0.12,0.06,0.11,0.1,0.32,0.75,0.7,0.08,0.16,0.35
town,NA,NA,East Lyme,81,0.23,0.1,0.05,0.11,0.09,0.29,0.79,0.76,0.06,0.13,0.32
town,NA,NA,East Windsor,79.3,0.25,0.11,0.06,0.11,0.1,0.32,0.77,0.72,0.06,0.13,0.34
town,NA,NA,Eastford,83.5,0.24,0.11,0.05,0.11,0.09,0.31,0.76,0.75,0.05,0.14,0.32
town,NA,NA,Easton,83.4,0.17,0.08,0.05,0.1,0.07,0.27,0.75,0.8,0.04,0.09,0.28
town,NA,NA,Ellington,82.1,0.21,0.09,0.05,0.11,0.08,0.28,0.77,0.74,0.05,0.13,0.33
town,NA,NA,Enfield,79.3,0.27,0.11,0.06,0.11,0.09,0.31,0.76,0.7,0.07,0.15,0.34
town,NA,NA,Essex,82.1,0.23,0.11,0.06,0.1,0.1,0.33,0.81,0.77,0.04,0.11,0.28
town,NA,NA,Fairfield,82.2,0.18,0.08,0.04,0.1,0.06,0.24,0.73,0.79,0.05,0.09,0.28
town,NA,NA,Farmington,81.9,0.23,0.1,0.06,0.11,0.09,0.32,0.79,0.76,0.04,0.1,0.31
town,NA,NA,Franklin,78.8,0.24,0.1,0.05,0.11,0.09,0.3,0.77,0.75,0.05,0.15,0.33
town,NA,NA,Glastonbury,82.5,0.21,0.09,0.05,0.11,0.09,0.3,0.78,0.79,0.04,0.09,0.31
town,NA,NA,Goshen,82.6,0.22,0.1,0.06,0.1,0.09,0.31,0.76,0.76,0.04,0.11,0.31
town,NA,NA,Granby,81.1,0.22,0.1,0.05,0.11,0.09,0.31,0.78,0.78,0.04,0.11,0.31
town,NA,NA,Greenwich,84,0.18,0.09,0.05,0.1,0.07,0.27,0.74,0.78,0.05,0.09,0.28
town,NA,NA,Griswold,78,0.26,0.11,0.05,0.12,0.09,0.28,0.76,0.7,0.07,0.18,0.36
town,NA,NA,Groton,79.3,0.24,0.09,0.05,0.11,0.08,0.26,0.75,0.71,0.07,0.14,0.34
town,NA,NA,Guilford,83.3,0.2,0.09,0.05,0.1,0.08,0.31,0.77,0.8,0.04,0.11,0.31
town,NA,NA,Haddam,83.4,0.21,0.1,0.05,0.11,0.09,0.29,0.78,0.76,0.05,0.13,0.3
town,NA,NA,Hamden,80.1,0.23,0.1,0.05,0.11,0.09,0.29,0.76,0.74,0.06,0.12,0.35
town,NA,NA,Hampton,83.6,0.26,0.12,0.06,0.11,0.1,0.32,0.76,0.74,0.05,0.15,0.33
town,NA,NA,Hartford,77.1,0.37,0.17,0.06,0.14,0.15,0.35,0.76,0.52,0.18,0.2,0.41
town,NA,NA,Hartland,83.1,0.25,0.11,0.06,0.12,0.09,0.32,0.77,0.74,0.05,0.14,0.33
town,NA,NA,Harwinton,83.3,0.22,0.1,0.05,0.1,0.08,0.29,0.75,0.75,0.05,0.12,0.31
town,NA,NA,Hebron,84.3,0.19,0.08,0.04,0.11,0.08,0.28,0.78,0.77,0.04,0.12,0.32
town,NA,NA,Kent,81.6,0.23,0.11,0.06,0.1,0.09,0.31,0.76,0.75,0.05,0.11,0.3
town,NA,NA,Killingly,78.2,0.3,0.14,0.06,0.12,0.1,0.32,0.74,0.67,0.08,0.19,0.35
town,NA,NA,Killingworth,84.5,0.2,0.09,0.05,0.1,0.09,0.3,0.8,0.78,0.04,0.11,0.29
town,NA,NA,Lebanon,79.8,0.23,0.1,0.05,0.11,0.09,0.28,0.77,0.75,0.05,0.15,0.34
town,NA,NA,Ledyard,81.8,0.22,0.09,0.05,0.11,0.08,0.27,0.77,0.77,0.05,0.13,0.33
town,NA,NA,Lisbon,81.2,0.23,0.1,0.05,0.11,0.09,0.28,0.77,0.76,0.05,0.14,0.33
town,NA,NA,Litchfield,81,0.24,0.12,0.06,0.1,0.09,0.31,0.76,0.74,0.05,0.12,0.31
town,NA,NA,Lyme,82.3,0.22,0.1,0.06,0.1,0.1,0.32,0.81,0.81,0.04,0.1,0.29
town,NA,NA,Madison,82.6,0.2,0.09,0.05,0.1,0.08,0.31,0.78,0.81,0.03,0.1,0.31
town,NA,NA,Manchester,79.5,0.26,0.11,0.05,0.12,0.09,0.3,0.76,0.7,0.07,0.13,0.34
town,NA,NA,Mansfield,82.4,0.29,0.07,0.03,0.13,0.06,0.21,0.74,0.63,0.08,0.13,0.35
town,NA,NA,Marlborough,77.9,0.22,0.1,0.05,0.11,0.09,0.31,0.78,0.76,0.04,0.12,0.32
town,NA,NA,Meriden,78.9,0.27,0.12,0.05,0.11,0.1,0.3,0.74,0.67,0.11,0.17,0.37
town,NA,NA,Middlebury,85.4,0.21,0.09,0.05,0.1,0.08,0.3,0.77,0.79,0.04,0.12,0.32
town,NA,NA,Middlefield,82.2,0.23,0.11,0.06,0.11,0.09,0.3,0.78,0.74,0.05,0.14,0.3
town,NA,NA,Middletown,78.7,0.25,0.11,0.05,0.11,0.09,0.28,0.77,0.7,0.07,0.14,0.32
town,NA,NA,Milford,80.2,0.22,0.1,0.05,0.1,0.08,0.3,0.76,0.76,0.05,0.13,0.33
town,NA,NA,Monroe,81.6,0.18,0.09,0.05,0.1,0.07,0.26,0.73,0.77,0.05,0.11,0.3
town,NA,NA,Montville,81.5,0.25,0.1,0.05,0.11,0.09,0.29,0.76,0.71,0.08,0.16,0.35
town,NA,NA,Morris,78.6,0.23,0.1,0.06,0.1,0.09,0.29,0.75,0.74,0.05,0.12,0.32
town,NA,NA,Naugatuck,80,0.24,0.1,0.05,0.11,0.08,0.29,0.74,0.71,0.07,0.16,0.36
town,NA,NA,New Britain,76.6,0.35,0.15,0.06,0.13,0.12,0.32,0.75,0.58,0.15,0.18,0.37
town,NA,NA,New Canaan,85.1,0.16,0.08,0.05,0.09,0.07,0.26,0.75,0.81,0.03,0.08,0.27
town,NA,NA,New Fairfield,82.9,0.18,0.08,0.04,0.1,0.07,0.25,0.73,0.77,0.05,0.11,0.3
town,NA,NA,New Hartford,83.1,0.19,0.09,0.04,0.1,0.07,0.26,0.74,0.77,0.04,0.11,0.31
town,NA,NA,New Haven,78.2,0.3,0.14,0.05,0.12,0.12,0.31,0.74,0.59,0.14,0.19,0.4
town,NA,NA,New London,77.2,0.31,0.12,0.05,0.13,0.11,0.28,0.75,0.62,0.13,0.18,0.37
town,NA,NA,New Milford,81,0.21,0.1,0.05,0.1,0.08,0.27,0.74,0.73,0.06,0.12,0.32
town,NA,NA,Newington,81.1,0.26,0.12,0.06,0.11,0.1,0.32,0.78,0.73,0.06,0.12,0.33
town,NA,NA,Newtown,82.8,0.17,0.08,0.04,0.1,0.07,0.25,0.73,0.78,0.05,0.1,0.29
town,NA,NA,Norfolk,85.6,0.24,0.12,0.06,0.1,0.09,0.32,0.76,0.74,0.05,0.12,0.31
town,NA,NA,North Branford,80.8,0.23,0.11,0.05,0.1,0.09,0.31,0.76,0.76,0.05,0.14,0.33
town,NA,NA,North Canaan,74.4,0.28,0.13,0.07,0.11,0.1,0.31,0.74,0.67,0.08,0.15,0.33
town,NA,NA,North Haven,82.7,0.23,0.1,0.06,0.1,0.09,0.32,0.77,0.77,0.05,0.12,0.33
town,NA,NA,North Stonington,79.9,0.24,0.1,0.06,0.11,0.1,0.3,0.78,0.75,0.05,0.15,0.33
town,NA,NA,Norwalk,82.6,0.21,0.1,0.05,0.1,0.08,0.26,0.72,0.7,0.1,0.12,0.32
town,NA,NA,Norwich,77.4,0.29,0.13,0.06,0.12,0.11,0.3,0.77,0.66,0.1,0.18,0.37
town,NA,NA,Old Lyme,82.2,0.23,0.1,0.06,0.1,0.1,0.32,0.8,0.79,0.04,0.11,0.3
town,NA,NA,Old Saybrook,80.2,0.24,0.12,0.07,0.1,0.1,0.34,0.81,0.77,0.04,0.11,0.28
town,NA,NA,Orange,83.4,0.2,0.09,0.05,0.1,0.08,0.31,0.78,0.8,0.04,0.1,0.31
town,NA,NA,Oxford,82.1,0.21,0.09,0.05,0.1,0.08,0.3,0.75,0.77,0.05,0.14,0.34
town,NA,NA,Plainfield,79.3,0.3,0.14,0.06,0.12,0.1,0.31,0.74,0.67,0.08,0.2,0.35
town,NA,NA,Plainville,79.4,0.27,0.12,0.06,0.12,0.1,0.32,0.76,0.7,0.07,0.15,0.34
town,NA,NA,Plymouth,78.2,0.23,0.1,0.05,0.1,0.08,0.28,0.73,0.71,0.06,0.14,0.33
town,NA,NA,Portland,81.9,0.23,0.11,0.05,0.11,0.09,0.3,0.78,0.74,0.05,0.14,0.3
town,NA,NA,Preston,79,0.26,0.12,0.06,0.11,0.1,0.32,0.78,0.73,0.06,0.16,0.34
town,NA,NA,Prospect,81.8,0.21,0.09,0.05,0.1,0.08,0.29,0.76,0.77,0.05,0.13,0.33
town,NA,NA,Putnam,77,0.29,0.13,0.06,0.12,0.1,0.31,0.75,0.7,0.07,0.17,0.34
town,NA,NA,Redding,84.5,0.18,0.09,0.05,0.1,0.07,0.28,0.76,0.8,0.04,0.09,0.28
town,NA,NA,Ridgefield,82.8,0.16,0.07,0.04,0.09,0.07,0.25,0.75,0.82,0.03,0.08,0.27
town,NA,NA,Rocky Hill,79.8,0.24,0.11,0.06,0.11,0.09,0.32,0.78,0.75,0.05,0.11,0.32
town,NA,NA,Salem,83.7,0.19,0.07,0.04,0.1,0.07,0.26,0.77,0.79,0.04,0.12,0.32
town,NA,NA,Salisbury,79.5,0.23,0.12,0.07,0.1,0.1,0.33,0.78,0.76,0.04,0.1,0.29
town,NA,NA,Scotland,80.3,0.25,0.12,0.05,0.11,0.09,0.31,0.75,0.73,0.06,0.16,0.34
town,NA,NA,Seymour,78.5,0.24,0.11,0.05,0.11,0.09,0.3,0.75,0.73,0.06,0.15,0.35
town,NA,NA,Sharon,81.1,0.26,0.14,0.07,0.1,0.11,0.35,0.78,0.72,0.05,0.13,0.31
town,NA,NA,Shelton,81.3,0.2,0.1,0.05,0.1,0.08,0.27,0.73,0.75,0.06,0.11,0.3
town,NA,NA,Sherman,81.8,0.18,0.09,0.05,0.1,0.07,0.28,0.75,0.79,0.04,0.1,0.29
town,NA,NA,Simsbury,82.5,0.21,0.09,0.05,0.11,0.08,0.3,0.79,0.79,0.03,0.09,0.3
town,NA,NA,Somers,81.5,0.22,0.09,0.05,0.1,0.08,0.29,0.77,0.72,0.07,0.13,0.34
town,NA,NA,South Windsor,81.2,0.23,0.1,0.05,0.11,0.09,0.31,0.78,0.76,0.04,0.11,0.32
town,NA,NA,Southbury,81.5,0.25,0.12,0.07,0.1,0.1,0.35,0.79,0.78,0.04,0.11,0.31
town,NA,NA,Southington,80.6,0.25,0.11,0.06,0.11,0.09,0.32,0.78,0.75,0.05,0.12,0.32
town,NA,NA,Sprague,80.3,0.25,0.1,0.05,0.12,0.09,0.28,0.76,0.71,0.07,0.17,0.35
town,NA,NA,Stafford,78,0.25,0.11,0.05,0.11,0.09,0.3,0.77,0.7,0.06,0.16,0.34
town,NA,NA,Stamford,81.9,0.21,0.09,0.04,0.1,0.08,0.25,0.72,0.71,0.1,0.11,0.32
town,NA,NA,Sterling,81.6,0.25,0.11,0.04,0.11,0.09,0.28,0.73,0.71,0.06,0.18,0.35
town,NA,NA,Stonington,84.1,0.24,0.11,0.06,0.11,0.1,0.31,0.79,0.77,0.05,0.13,0.31
town,NA,NA,Stratford,79.7,0.22,0.11,0.05,0.11,0.08,0.29,0.74,0.72,0.08,0.13,0.32
town,NA,NA,Suffield,81,0.23,0.09,0.05,0.11,0.08,0.3,0.76,0.74,0.06,0.12,0.33
town,NA,NA,Thomaston,80.3,0.23,0.11,0.05,0.1,0.08,0.28,0.74,0.71,0.06,0.14,0.33
town,NA,NA,Thompson,80.7,0.26,0.12,0.05,0.11,0.09,0.31,0.75,0.73,0.06,0.16,0.33
town,NA,NA,Tolland,81.4,0.19,0.08,0.04,0.1,0.08,0.28,0.78,0.77,0.04,0.12,0.32
town,NA,NA,Torrington,77.8,0.27,0.13,0.06,0.11,0.1,0.3,0.74,0.66,0.08,0.16,0.34
town,NA,NA,Trumbull,82.4,0.19,0.09,0.05,0.1,0.07,0.27,0.75,0.78,0.05,0.1,0.29
town,NA,NA,Union,81.5,0.24,0.1,0.06,0.11,0.09,0.31,0.78,0.72,0.06,0.15,0.34
town,NA,NA,Vernon,78.9,0.25,0.11,0.05,0.11,0.09,0.3,0.77,0.69,0.07,0.15,0.34
town,NA,NA,Voluntown,84.4,0.24,0.1,0.05,0.11,0.09,0.29,0.77,0.73,0.06,0.17,0.35
town,NA,NA,Wallingford,80.8,0.23,0.1,0.05,0.1,0.08,0.3,0.75,0.75,0.06,0.14,0.34
town,NA,NA,Washington,82.6,0.22,0.11,0.06,0.1,0.09,0.31,0.77,0.76,0.04,0.1,0.3
town,NA,NA,Waterbury,76.8,0.34,0.16,0.06,0.12,0.13,0.34,0.74,0.58,0.15,0.22,0.4
town,NA,NA,Waterford,79.4,0.25,0.11,0.06,0.11,0.1,0.31,0.79,0.76,0.05,0.13,0.32
town,NA,NA,Watertown,80.1,0.23,0.11,0.06,0.1,0.09,0.29,0.74,0.72,0.06,0.13,0.32
town,NA,NA,West Hartford,82.4,0.23,0.1,0.05,0.11,0.09,0.31,0.78,0.77,0.05,0.09,0.31
town,NA,NA,West Haven,77.8,0.27,0.12,0.05,0.11,0.1,0.3,0.74,0.67,0.09,0.17,0.38
town,NA,NA,Westbrook,82.4,0.23,0.1,0.06,0.1,0.09,0.31,0.79,0.76,0.05,0.12,0.29
town,NA,NA,Weston,86.5,0.15,0.07,0.04,0.1,0.07,0.25,0.75,0.82,0.03,0.08,0.28
town,NA,NA,Westport,85.4,0.16,0.08,0.05,0.09,0.07,0.27,0.76,0.81,0.03,0.08,0.27
town,NA,NA,Wethersfield,82.2,0.26,0.12,0.06,0.11,0.1,0.33,0.79,0.75,0.05,0.11,0.32
town,NA,NA,Willington,80.6,0.23,0.09,0.05,0.11,0.08,0.27,0.76,0.71,0.06,0.14,0.33
town,NA,NA,Wilton,82.1,0.16,0.08,0.04,0.09,0.07,0.26,0.75,0.81,0.04,0.08,0.27
town,NA,NA,Winchester,79.6,0.27,0.13,0.06,0.11,0.1,0.31,0.74,0.67,0.07,0.16,0.34
town,NA,NA,Windham,77.5,0.34,0.15,0.05,0.12,0.11,0.29,0.73,0.6,0.14,0.18,0.36
town,NA,NA,Windsor,80.1,0.25,0.12,0.05,0.12,0.11,0.35,0.8,0.72,0.06,0.12,0.36
town,NA,NA,Windsor Locks,79.1,0.27,0.12,0.06,0.12,0.1,0.33,0.77,0.7,0.06,0.15,0.34
town,NA,NA,Wolcott,79.4,0.23,0.1,0.05,0.11,0.08,0.3,0.75,0.75,0.05,0.14,0.34
town,NA,NA,Woodbridge,81.1,0.2,0.09,0.05,0.09,0.09,0.31,0.78,0.81,0.03,0.09,0.3
town,NA,NA,Woodbury,84.5,0.22,0.1,0.06,0.1,0.09,0.29,0.76,0.75,0.05,0.11,0.31
town,NA,NA,Woodstock,82.6,0.23,0.11,0.05,0.11,0.09,0.3,0.76,0.76,0.05,0.13,0.32
tract,NA,NA,09001010101,81,0.2,0.1,0.06,0.09,0.08,0.3,0.77,0.8,0.04,0.08,0.27
tract,NA,NA,09001010102,85.5,0.15,0.07,0.05,0.09,0.07,0.26,0.76,0.83,0.03,0.07,0.27
tract,NA,NA,09001010201,82.1,0.19,0.09,0.06,0.1,0.08,0.28,0.76,0.8,0.04,0.08,0.27
tract,NA,NA,09001010202,84.1,0.16,0.08,0.04,0.09,0.07,0.26,0.74,0.8,0.04,0.08,0.28
tract,NA,NA,09001010300,85.3,0.16,0.08,0.05,0.09,0.07,0.26,0.76,0.82,0.03,0.07,0.26
tract,NA,NA,09001010400,82.4,0.2,0.1,0.05,0.1,0.08,0.27,0.74,0.76,0.06,0.1,0.29
tract,NA,NA,09001010500,83,0.21,0.1,0.05,0.1,0.08,0.26,0.72,0.71,0.08,0.12,0.32
tract,NA,NA,09001010600,82.6,0.19,0.09,0.05,0.1,0.07,0.26,0.73,0.76,0.06,0.09,0.29
tract,NA,NA,09001010700,85.4,0.24,0.12,0.06,0.1,0.1,0.31,0.76,0.73,0.07,0.11,0.29
tract,NA,NA,09001010800,84.2,0.17,0.08,0.05,0.1,0.07,0.25,0.73,0.78,0.05,0.09,0.29
tract,NA,NA,09001010900,84.4,0.17,0.08,0.04,0.09,0.07,0.25,0.74,0.79,0.05,0.09,0.29
tract,NA,NA,09001011000,85.5,0.15,0.07,0.04,0.09,0.06,0.24,0.74,0.82,0.04,0.08,0.27
tract,NA,NA,09001011100,84,0.16,0.08,0.05,0.09,0.07,0.26,0.75,0.82,0.04,0.07,0.27
tract,NA,NA,09001011200,88.8,0.19,0.09,0.06,0.1,0.08,0.29,0.76,0.8,0.04,0.08,0.27
tract,NA,NA,09001011300,83.8,0.22,0.1,0.05,0.1,0.08,0.25,0.71,0.69,0.11,0.13,0.32
tract,NA,NA,09001020100,80.8,0.23,0.12,0.06,0.1,0.1,0.3,0.74,0.69,0.09,0.11,0.32
tract,NA,NA,09001020200,84.1,0.16,0.07,0.05,0.09,0.07,0.27,0.76,0.82,0.03,0.07,0.27
tract,NA,NA,09001020300,86,0.16,0.08,0.05,0.09,0.07,0.26,0.75,0.81,0.04,0.08,0.28
tract,NA,NA,09001020400,88.4,0.17,0.08,0.05,0.09,0.07,0.27,0.75,0.8,0.04,0.09,0.28
tract,NA,NA,09001020500,85.4,0.18,0.09,0.05,0.09,0.07,0.28,0.76,0.8,0.04,0.08,0.27
tract,NA,NA,09001020600,82.9,0.18,0.08,0.04,0.1,0.07,0.25,0.73,0.78,0.06,0.09,0.3
tract,NA,NA,09001020700,81.5,0.2,0.1,0.06,0.1,0.08,0.28,0.75,0.77,0.05,0.1,0.28
tract,NA,NA,09001020800,84.3,0.16,0.07,0.04,0.09,0.06,0.24,0.73,0.8,0.04,0.08,0.28
tract,NA,NA,09001020900,81.8,0.21,0.1,0.04,0.1,0.08,0.25,0.71,0.69,0.09,0.14,0.33
tract,NA,NA,09001021000,81.8,0.17,0.08,0.04,0.1,0.07,0.24,0.72,0.77,0.06,0.1,0.3
tract,NA,NA,09001021100,81.3,0.2,0.09,0.04,0.1,0.07,0.23,0.71,0.71,0.09,0.12,0.31
tract,NA,NA,09001021200,84,0.18,0.09,0.05,0.1,0.07,0.26,0.74,0.77,0.05,0.09,0.29
tract,NA,NA,09001021300,84.1,0.19,0.08,0.04,0.1,0.07,0.24,0.72,0.73,0.09,0.11,0.32
tract,NA,NA,09001021400,79.3,0.3,0.15,0.06,0.11,0.11,0.3,0.73,0.58,0.17,0.15,0.36
tract,NA,NA,09001021500,76.9,0.3,0.14,0.04,0.12,0.11,0.27,0.69,0.52,0.23,0.19,0.39
tract,NA,NA,09001021600,81.1,0.16,0.06,0.03,0.09,0.05,0.19,0.68,0.71,0.07,0.09,0.32
tract,NA,NA,09001021700,81.4,0.17,0.07,0.03,0.1,0.06,0.2,0.69,0.7,0.08,0.1,0.32
tract,NA,NA,09001021801,81,0.21,0.1,0.04,0.1,0.08,0.25,0.72,0.7,0.09,0.12,0.32
tract,NA,NA,09001021802,81.3,0.25,0.12,0.05,0.11,0.1,0.28,0.73,0.65,0.13,0.14,0.34
tract,NA,NA,09001021900,82.3,0.2,0.09,0.04,0.1,0.07,0.24,0.71,0.72,0.1,0.12,0.32
tract,NA,NA,09001022000,77.7,0.23,0.1,0.04,0.11,0.08,0.25,0.7,0.66,0.13,0.14,0.34
tract,NA,NA,09001022100,82,0.26,0.12,0.05,0.11,0.09,0.26,0.7,0.61,0.18,0.15,0.34
tract,NA,NA,09001022200,78.1,0.2,0.08,0.03,0.1,0.07,0.21,0.68,0.66,0.15,0.11,0.33
tract,NA,NA,09001022300,79.1,0.24,0.11,0.05,0.11,0.1,0.27,0.71,0.63,0.14,0.14,0.35
tract,NA,NA,09001022400,84.2,0.15,0.07,0.04,0.09,0.06,0.25,0.74,0.82,0.03,0.07,0.27
tract,NA,NA,09001030100,83.9,0.14,0.07,0.04,0.09,0.06,0.24,0.74,0.83,0.03,0.07,0.27
tract,NA,NA,09001030200,83.2,0.14,0.06,0.04,0.09,0.06,0.23,0.74,0.83,0.03,0.07,0.27
tract,NA,NA,09001030300,83.3,0.14,0.06,0.04,0.09,0.06,0.24,0.75,0.85,0.03,0.06,0.26
tract,NA,NA,09001030400,83.6,0.16,0.08,0.04,0.09,0.06,0.24,0.73,0.8,0.04,0.09,0.28
tract,NA,NA,09001030500,83,0.16,0.07,0.04,0.1,0.06,0.23,0.73,0.79,0.04,0.09,0.29
tract,NA,NA,09001035100,86.4,0.18,0.09,0.05,0.1,0.07,0.27,0.75,0.8,0.04,0.08,0.28
tract,NA,NA,09001035300,82.6,0.16,0.07,0.04,0.1,0.06,0.26,0.75,0.82,0.03,0.08,0.27
tract,NA,NA,09001035400,85.1,0.15,0.07,0.04,0.1,0.06,0.25,0.74,0.82,0.03,0.08,0.27
tract,NA,NA,09001042500,84.8,0.19,0.09,0.05,0.1,0.08,0.28,0.75,0.78,0.05,0.1,0.29
tract,NA,NA,09001042600,87,0.19,0.09,0.05,0.1,0.08,0.26,0.73,0.76,0.06,0.11,0.3
tract,NA,NA,09001042700,81.5,0.19,0.09,0.04,0.1,0.07,0.25,0.72,0.74,0.07,0.11,0.3
tract,NA,NA,09001042800,79.7,0.2,0.1,0.05,0.1,0.08,0.27,0.73,0.74,0.07,0.11,0.31
tract,NA,NA,09001042900,86,0.17,0.09,0.05,0.1,0.07,0.26,0.74,0.79,0.05,0.09,0.28
tract,NA,NA,09001043000,82.2,0.22,0.11,0.05,0.1,0.09,0.28,0.73,0.72,0.07,0.12,0.31
tract,NA,NA,09001043100,85.3,0.18,0.09,0.05,0.1,0.07,0.26,0.74,0.77,0.06,0.1,0.3
tract,NA,NA,09001043200,84.2,0.24,0.11,0.05,0.11,0.09,0.27,0.72,0.68,0.11,0.14,0.33
tract,NA,NA,09001043300,81.8,0.2,0.09,0.04,0.1,0.08,0.25,0.72,0.72,0.09,0.12,0.32
tract,NA,NA,09001043400,79.3,0.21,0.09,0.04,0.11,0.07,0.23,0.69,0.67,0.12,0.13,0.34
tract,NA,NA,09001043500,83.7,0.2,0.1,0.05,0.1,0.08,0.27,0.74,0.74,0.07,0.11,0.3
tract,NA,NA,09001043600,87.9,0.19,0.09,0.05,0.1,0.07,0.26,0.73,0.75,0.07,0.1,0.3
tract,NA,NA,09001043700,76.9,0.2,0.09,0.04,0.1,0.08,0.23,0.7,0.69,0.12,0.11,0.33
tract,NA,NA,09001043800,80,0.21,0.1,0.04,0.1,0.08,0.25,0.71,0.67,0.11,0.13,0.34
tract,NA,NA,09001043900,85.5,0.22,0.1,0.05,0.1,0.08,0.27,0.73,0.71,0.09,0.13,0.32
tract,NA,NA,09001044100,79.8,0.23,0.1,0.04,0.11,0.09,0.24,0.69,0.62,0.14,0.14,0.35
tract,NA,NA,09001044200,79.3,0.23,0.1,0.04,0.1,0.08,0.25,0.7,0.66,0.12,0.14,0.33
tract,NA,NA,09001044300,85.1,0.21,0.1,0.05,0.1,0.08,0.27,0.73,0.73,0.07,0.12,0.3
tract,NA,NA,09001044400,82.9,0.26,0.12,0.04,0.12,0.1,0.28,0.71,0.61,0.16,0.16,0.36
tract,NA,NA,09001044500,76.3,0.28,0.12,0.04,0.12,0.1,0.26,0.69,0.54,0.22,0.17,0.38
tract,NA,NA,09001044600,86.1,0.16,0.07,0.05,0.09,0.07,0.26,0.75,0.82,0.03,0.08,0.27
tract,NA,NA,09001045101,84,0.15,0.07,0.04,0.1,0.06,0.24,0.74,0.82,0.03,0.08,0.27
tract,NA,NA,09001045102,81.6,0.17,0.08,0.05,0.09,0.07,0.27,0.75,0.8,0.04,0.09,0.28
tract,NA,NA,09001045200,78.5,0.17,0.08,0.05,0.1,0.07,0.26,0.75,0.8,0.04,0.08,0.27
tract,NA,NA,09001045400,83,0.16,0.07,0.04,0.09,0.07,0.26,0.75,0.82,0.03,0.08,0.27
tract,NA,NA,09001050100,89.1,0.16,0.08,0.05,0.09,0.07,0.27,0.76,0.82,0.03,0.07,0.27
tract,NA,NA,09001050200,85,0.15,0.07,0.04,0.09,0.06,0.25,0.75,0.83,0.03,0.07,0.27
tract,NA,NA,09001050300,85.5,0.17,0.08,0.05,0.09,0.07,0.27,0.76,0.81,0.04,0.08,0.27
tract,NA,NA,09001050400,82.1,0.18,0.09,0.05,0.09,0.07,0.28,0.76,0.8,0.04,0.08,0.27
tract,NA,NA,09001050500,86.4,0.18,0.09,0.05,0.1,0.07,0.27,0.75,0.79,0.04,0.09,0.28
tract,NA,NA,09001050600,82.3,0.16,0.08,0.05,0.09,0.07,0.27,0.76,0.82,0.03,0.07,0.27
tract,NA,NA,09001055100,86.8,0.15,0.07,0.04,0.1,0.07,0.25,0.74,0.81,0.04,0.08,0.28
tract,NA,NA,09001055200,86.2,0.15,0.07,0.04,0.09,0.07,0.26,0.75,0.82,0.03,0.08,0.27
tract,NA,NA,09001060100,79.6,0.24,0.11,0.06,0.1,0.07,0.28,0.75,0.76,0.06,0.09,0.27
tract,NA,NA,09001060200,83.3,0.18,0.09,0.05,0.1,0.07,0.27,0.75,0.79,0.04,0.09,0.28
tract,NA,NA,09001060300,84.1,0.16,0.07,0.04,0.09,0.07,0.26,0.75,0.82,0.04,0.08,0.27
tract,NA,NA,09001060400,84.9,0.14,0.07,0.04,0.09,0.06,0.25,0.75,0.84,0.03,0.07,0.27
tract,NA,NA,09001060500,82,0.17,0.08,0.05,0.09,0.07,0.26,0.75,0.81,0.04,0.08,0.27
tract,NA,NA,09001060600,82.9,0.18,0.09,0.05,0.09,0.07,0.28,0.76,0.81,0.04,0.08,0.27
tract,NA,NA,09001060700,81.3,0.17,0.06,0.03,0.1,0.04,0.18,0.7,0.8,0.05,0.08,0.27
tract,NA,NA,09001060800,83.2,0.15,0.07,0.04,0.09,0.06,0.24,0.74,0.82,0.03,0.08,0.28
tract,NA,NA,09001060900,85.1,0.18,0.09,0.05,0.1,0.07,0.26,0.74,0.79,0.05,0.1,0.28
tract,NA,NA,09001061000,81.8,0.22,0.11,0.06,0.1,0.08,0.29,0.74,0.74,0.06,0.12,0.3
tract,NA,NA,09001061100,83.2,0.16,0.07,0.04,0.1,0.06,0.23,0.73,0.8,0.04,0.09,0.28
tract,NA,NA,09001061200,79.9,0.22,0.1,0.05,0.11,0.08,0.26,0.72,0.7,0.08,0.14,0.32
tract,NA,NA,09001061300,79.9,0.19,0.09,0.04,0.1,0.07,0.24,0.71,0.73,0.07,0.12,0.31
tract,NA,NA,09001061400,81.8,0.19,0.08,0.04,0.1,0.06,0.22,0.7,0.71,0.08,0.12,0.32
tract,NA,NA,09001061500,81.3,0.16,0.07,0.04,0.1,0.06,0.22,0.72,0.8,0.04,0.08,0.28
tract,NA,NA,09001061600,82.4,0.18,0.08,0.05,0.1,0.07,0.25,0.73,0.79,0.04,0.09,0.28
tract,NA,NA,09001070100,81.9,0.21,0.09,0.04,0.11,0.07,0.24,0.7,0.7,0.09,0.12,0.31
tract,NA,NA,09001070200,78.9,0.27,0.13,0.05,0.12,0.11,0.28,0.7,0.58,0.17,0.17,0.37
tract,NA,NA,09001070400,81.4,0.22,0.07,0.03,0.11,0.06,0.19,0.69,0.63,0.1,0.12,0.35
tract,NA,NA,09001070500,78,0.27,0.11,0.03,0.12,0.09,0.23,0.68,0.54,0.16,0.16,0.37
tract,NA,NA,09001070600,73.4,0.3,0.15,0.06,0.12,0.13,0.31,0.73,0.56,0.16,0.17,0.37
tract,NA,NA,09001070900,70.4,0.38,0.2,0.07,0.13,0.16,0.33,0.71,0.44,0.27,0.23,0.4
tract,NA,NA,09001071000,75.6,0.3,0.14,0.04,0.12,0.11,0.27,0.7,0.52,0.22,0.19,0.39
tract,NA,NA,09001071100,78.3,0.32,0.15,0.05,0.13,0.12,0.3,0.7,0.5,0.21,0.2,0.4
tract,NA,NA,09001071200,75.6,0.36,0.18,0.06,0.13,0.15,0.33,0.71,0.46,0.23,0.23,0.41
tract,NA,NA,09001071300,77.8,0.35,0.18,0.06,0.13,0.14,0.32,0.71,0.46,0.24,0.23,0.41
tract,NA,NA,09001071400,74.1,0.36,0.16,0.05,0.13,0.12,0.28,0.67,0.45,0.28,0.24,0.4
tract,NA,NA,09001071600,75.6,0.4,0.18,0.05,0.15,0.13,0.29,0.68,0.39,0.3,0.27,0.42
tract,NA,NA,09001071900,78.3,0.31,0.13,0.04,0.12,0.1,0.27,0.68,0.5,0.21,0.22,0.4
tract,NA,NA,09001072000,78.3,0.25,0.11,0.04,0.12,0.09,0.25,0.7,0.61,0.15,0.16,0.37
tract,NA,NA,09001072100,82.7,0.25,0.12,0.05,0.11,0.09,0.28,0.72,0.65,0.13,0.15,0.34
tract,NA,NA,09001072200,79.5,0.28,0.14,0.06,0.11,0.1,0.3,0.73,0.64,0.13,0.14,0.33
tract,NA,NA,09001072300,79.6,0.27,0.12,0.05,0.12,0.1,0.28,0.71,0.61,0.15,0.16,0.36
tract,NA,NA,09001072400,77.5,0.26,0.12,0.04,0.12,0.1,0.28,0.72,0.6,0.16,0.16,0.37
tract,NA,NA,09001072500,78.2,0.24,0.11,0.05,0.11,0.09,0.28,0.73,0.68,0.11,0.14,0.34
tract,NA,NA,09001072600,78.7,0.24,0.11,0.05,0.11,0.08,0.26,0.72,0.69,0.09,0.12,0.32
tract,NA,NA,09001072700,82.1,0.26,0.13,0.06,0.12,0.11,0.31,0.74,0.63,0.12,0.15,0.36
tract,NA,NA,09001072800,81.9,0.31,0.16,0.06,0.13,0.14,0.34,0.75,0.55,0.16,0.19,0.41
tract,NA,NA,09001072900,78,0.23,0.11,0.04,0.12,0.1,0.29,0.73,0.64,0.12,0.14,0.38
tract,NA,NA,09001073000,81.4,0.24,0.12,0.05,0.11,0.1,0.28,0.73,0.67,0.12,0.13,0.35
tract,NA,NA,09001073100,71,0.32,0.18,0.07,0.12,0.14,0.36,0.76,0.58,0.15,0.17,0.36
tract,NA,NA,09001073200,80.6,0.31,0.17,0.07,0.12,0.14,0.34,0.74,0.57,0.15,0.18,0.37
tract,NA,NA,09001073300,73.8,0.32,0.16,0.05,0.13,0.13,0.32,0.73,0.53,0.18,0.2,0.4
tract,NA,NA,09001073400,78,0.28,0.14,0.05,0.12,0.11,0.29,0.72,0.57,0.18,0.18,0.38
tract,NA,NA,09001073500,76.9,0.33,0.16,0.05,0.13,0.13,0.29,0.7,0.5,0.24,0.2,0.39
tract,NA,NA,09001073600,75.6,0.38,0.18,0.05,0.14,0.14,0.3,0.69,0.43,0.3,0.24,0.4
tract,NA,NA,09001073700,77.5,0.33,0.17,0.06,0.13,0.13,0.32,0.72,0.52,0.2,0.2,0.39
tract,NA,NA,09001073800,71.4,0.39,0.19,0.06,0.14,0.15,0.3,0.69,0.41,0.31,0.25,0.41
tract,NA,NA,09001073900,77.6,0.34,0.17,0.06,0.13,0.14,0.31,0.71,0.49,0.26,0.2,0.39
tract,NA,NA,09001074000,76.9,0.34,0.17,0.06,0.13,0.14,0.3,0.71,0.49,0.26,0.19,0.38
tract,NA,NA,09001074300,75.7,0.34,0.17,0.06,0.14,0.14,0.34,0.73,0.5,0.2,0.21,0.41
tract,NA,NA,09001074400,76.9,0.32,0.17,0.05,0.14,0.14,0.34,0.74,0.52,0.18,0.2,0.42
tract,NA,NA,09001080100,78,0.25,0.12,0.05,0.11,0.09,0.28,0.72,0.65,0.12,0.16,0.34
tract,NA,NA,09001080200,79.5,0.22,0.1,0.04,0.11,0.08,0.25,0.71,0.68,0.11,0.14,0.35
tract,NA,NA,09001080400,76.7,0.26,0.13,0.05,0.12,0.11,0.32,0.74,0.63,0.12,0.16,0.38
tract,NA,NA,09001080500,81.9,0.2,0.1,0.06,0.1,0.08,0.28,0.75,0.77,0.05,0.11,0.29
tract,NA,NA,09001080600,81.5,0.22,0.11,0.06,0.1,0.09,0.3,0.75,0.73,0.07,0.11,0.31
tract,NA,NA,09001080700,80.8,0.22,0.1,0.05,0.1,0.08,0.27,0.72,0.71,0.07,0.14,0.32
tract,NA,NA,09001080800,79,0.19,0.09,0.05,0.1,0.07,0.26,0.73,0.75,0.06,0.12,0.31
tract,NA,NA,09001080900,77.9,0.2,0.09,0.05,0.1,0.07,0.26,0.72,0.74,0.07,0.12,0.32
tract,NA,NA,09001081000,76.6,0.25,0.13,0.06,0.11,0.09,0.3,0.74,0.7,0.09,0.14,0.32
tract,NA,NA,09001081100,82.1,0.22,0.11,0.06,0.1,0.08,0.29,0.74,0.74,0.06,0.12,0.31
tract,NA,NA,09001081200,81.1,0.19,0.09,0.05,0.1,0.07,0.27,0.74,0.77,0.05,0.1,0.29
tract,NA,NA,09001081300,83.2,0.24,0.13,0.08,0.1,0.09,0.34,0.79,0.77,0.05,0.09,0.27
tract,NA,NA,09001090100,82.3,0.18,0.09,0.05,0.09,0.07,0.28,0.76,0.8,0.04,0.08,0.27
tract,NA,NA,09001090200,81.5,0.21,0.1,0.06,0.1,0.08,0.29,0.76,0.78,0.05,0.1,0.28
tract,NA,NA,09001090300,82.5,0.2,0.1,0.05,0.1,0.07,0.28,0.74,0.77,0.05,0.1,0.29
tract,NA,NA,09001090400,81,0.19,0.09,0.05,0.1,0.07,0.26,0.74,0.77,0.06,0.09,0.29
tract,NA,NA,09001090500,84.7,0.18,0.08,0.05,0.1,0.07,0.26,0.74,0.78,0.05,0.1,0.29
tract,NA,NA,09001090600,81,0.2,0.1,0.06,0.1,0.08,0.29,0.75,0.78,0.05,0.1,0.28
tract,NA,NA,09001090700,84.4,0.18,0.08,0.05,0.1,0.07,0.26,0.74,0.78,0.04,0.1,0.29
tract,NA,NA,09001100100,84.2,0.19,0.09,0.05,0.1,0.07,0.26,0.73,0.76,0.05,0.11,0.3
tract,NA,NA,09001100200,80,0.19,0.09,0.05,0.1,0.07,0.26,0.73,0.77,0.05,0.11,0.29
tract,NA,NA,09001100300,81,0.18,0.09,0.05,0.1,0.07,0.26,0.73,0.77,0.05,0.11,0.3
tract,NA,NA,09001105100,82,0.16,0.08,0.05,0.09,0.07,0.26,0.75,0.81,0.04,0.08,0.27
tract,NA,NA,09001105200,85.1,0.18,0.09,0.05,0.1,0.07,0.27,0.74,0.79,0.04,0.1,0.29
tract,NA,NA,09001110100,76.3,0.24,0.11,0.05,0.11,0.08,0.26,0.71,0.68,0.1,0.14,0.32
tract,NA,NA,09001110201,79.1,0.21,0.1,0.05,0.1,0.07,0.25,0.71,0.71,0.07,0.14,0.32
tract,NA,NA,09001110202,79.5,0.24,0.12,0.07,0.1,0.09,0.32,0.76,0.75,0.06,0.11,0.29
tract,NA,NA,09001110301,81.3,0.23,0.12,0.06,0.1,0.09,0.3,0.75,0.74,0.06,0.12,0.3
tract,NA,NA,09001110302,82.5,0.17,0.08,0.04,0.09,0.07,0.25,0.73,0.78,0.05,0.1,0.29
tract,NA,NA,09001110400,82.1,0.18,0.09,0.05,0.1,0.07,0.27,0.74,0.78,0.05,0.1,0.29
tract,NA,NA,09001110500,81.8,0.18,0.09,0.05,0.1,0.07,0.27,0.74,0.78,0.05,0.1,0.29
tract,NA,NA,09001110600,83.9,0.19,0.09,0.05,0.1,0.07,0.26,0.73,0.76,0.05,0.11,0.3
tract,NA,NA,09001200200,78.7,0.2,0.1,0.05,0.1,0.07,0.26,0.72,0.73,0.06,0.12,0.31
tract,NA,NA,09001200301,82,0.18,0.09,0.05,0.1,0.07,0.26,0.73,0.78,0.05,0.1,0.3
tract,NA,NA,09001200302,83,0.17,0.08,0.04,0.1,0.07,0.25,0.73,0.78,0.05,0.11,0.3
tract,NA,NA,09001205100,83.2,0.18,0.09,0.05,0.1,0.07,0.26,0.72,0.76,0.05,0.11,0.3
tract,NA,NA,09001205200,80.5,0.17,0.08,0.05,0.1,0.07,0.26,0.74,0.79,0.04,0.1,0.29
tract,NA,NA,09001205300,80.5,0.21,0.1,0.05,0.1,0.08,0.27,0.73,0.74,0.06,0.12,0.3
tract,NA,NA,09001210100,81.4,0.29,0.12,0.05,0.11,0.09,0.25,0.68,0.57,0.19,0.17,0.35
tract,NA,NA,09001210200,76.3,0.28,0.1,0.04,0.12,0.07,0.21,0.65,0.56,0.21,0.18,0.36
tract,NA,NA,09001210300,77.1,0.25,0.11,0.05,0.11,0.08,0.25,0.7,0.64,0.13,0.15,0.34
tract,NA,NA,09001210400,83.8,0.21,0.09,0.04,0.1,0.07,0.22,0.69,0.68,0.1,0.14,0.34
tract,NA,NA,09001210500,82.1,0.19,0.09,0.05,0.1,0.08,0.26,0.73,0.74,0.07,0.11,0.3
tract,NA,NA,09001210600,78.4,0.27,0.12,0.05,0.11,0.09,0.26,0.69,0.62,0.16,0.16,0.34
tract,NA,NA,09001210701,78.5,0.29,0.13,0.05,0.11,0.1,0.25,0.68,0.57,0.2,0.17,0.36
tract,NA,NA,09001210702,84,0.25,0.1,0.04,0.11,0.08,0.23,0.68,0.62,0.16,0.16,0.35
tract,NA,NA,09001210800,82.8,0.19,0.07,0.04,0.1,0.06,0.21,0.7,0.74,0.07,0.11,0.31
tract,NA,NA,09001210900,85.3,0.18,0.09,0.05,0.1,0.07,0.26,0.73,0.76,0.06,0.11,0.3
tract,NA,NA,09001211000,81.8,0.22,0.1,0.05,0.1,0.08,0.27,0.72,0.71,0.08,0.13,0.32
tract,NA,NA,09001211200,82.5,0.23,0.11,0.05,0.1,0.08,0.27,0.72,0.7,0.08,0.13,0.32
tract,NA,NA,09001211300,83.4,0.2,0.1,0.05,0.1,0.08,0.27,0.72,0.74,0.06,0.13,0.31
tract,NA,NA,09001211400,82.6,0.21,0.1,0.05,0.1,0.08,0.27,0.72,0.72,0.07,0.13,0.31
tract,NA,NA,09001220100,81.9,0.18,0.08,0.04,0.1,0.07,0.25,0.72,0.76,0.05,0.11,0.3
tract,NA,NA,09001220200,81.7,0.17,0.08,0.04,0.1,0.07,0.25,0.73,0.79,0.04,0.1,0.29
tract,NA,NA,09001220300,85.9,0.18,0.09,0.05,0.1,0.07,0.26,0.73,0.77,0.05,0.12,0.3
tract,NA,NA,09001230100,84.8,0.18,0.08,0.05,0.1,0.07,0.26,0.74,0.79,0.04,0.1,0.29
tract,NA,NA,09001230200,82.6,0.17,0.08,0.04,0.1,0.07,0.25,0.74,0.8,0.04,0.09,0.28
tract,NA,NA,09001230300,83.1,0.17,0.08,0.05,0.1,0.07,0.27,0.74,0.79,0.04,0.1,0.29
tract,NA,NA,09001230400,83.3,0.17,0.08,0.04,0.1,0.07,0.25,0.73,0.79,0.04,0.1,0.29
tract,NA,NA,09001230501,81.4,0.15,0.06,0.03,0.1,0.06,0.22,0.72,0.8,0.04,0.1,0.29
tract,NA,NA,09001230502,80.6,0.19,0.09,0.05,0.1,0.07,0.26,0.73,0.76,0.06,0.11,0.3
tract,NA,NA,09001240100,84.3,0.2,0.1,0.06,0.1,0.08,0.3,0.77,0.8,0.04,0.09,0.28
tract,NA,NA,09001240200,84.7,0.17,0.08,0.05,0.1,0.07,0.26,0.74,0.8,0.04,0.09,0.28
tract,NA,NA,09001245100,84.6,0.14,0.07,0.04,0.09,0.06,0.24,0.74,0.83,0.03,0.07,0.27
tract,NA,NA,09001245200,80.9,0.18,0.09,0.05,0.09,0.07,0.27,0.76,0.81,0.04,0.08,0.27
tract,NA,NA,09001245300,84.7,0.16,0.08,0.04,0.1,0.07,0.25,0.74,0.81,0.04,0.08,0.28
tract,NA,NA,09001245400,82.2,0.14,0.07,0.04,0.09,0.06,0.24,0.74,0.83,0.03,0.07,0.27
tract,NA,NA,09001245600,82.2,0.16,0.07,0.04,0.1,0.07,0.25,0.74,0.81,0.03,0.08,0.28
tract,NA,NA,09001257100,81.8,0.18,0.09,0.05,0.1,0.07,0.28,0.75,0.79,0.04,0.1,0.29
tract,NA,NA,09001257200,75.6,0.28,0.13,0.04,0.12,0.1,0.28,0.7,0.56,0.18,0.18,0.38
tract,NA,NA,09003330100,83.1,0.25,0.11,0.06,0.12,0.09,0.32,0.77,0.74,0.05,0.14,0.33
tract,NA,NA,09003400100,80.4,0.27,0.12,0.06,0.11,0.1,0.34,0.78,0.72,0.06,0.14,0.33
tract,NA,NA,09003400300,80.8,0.26,0.11,0.06,0.11,0.1,0.33,0.79,0.75,0.05,0.12,0.31
tract,NA,NA,09003405100,79.2,0.24,0.1,0.05,0.11,0.08,0.28,0.76,0.73,0.06,0.13,0.34
tract,NA,NA,09003405200,77.3,0.28,0.13,0.06,0.12,0.1,0.33,0.77,0.7,0.06,0.15,0.34
tract,NA,NA,09003405300,79.1,0.32,0.16,0.08,0.12,0.12,0.36,0.78,0.66,0.08,0.17,0.34
tract,NA,NA,09003405401,78.6,0.26,0.11,0.06,0.12,0.1,0.32,0.77,0.72,0.06,0.14,0.34
tract,NA,NA,09003405402,78.1,0.25,0.1,0.04,0.12,0.08,0.27,0.74,0.7,0.07,0.14,0.35
tract,NA,NA,09003405500,79.6,0.25,0.1,0.05,0.12,0.09,0.29,0.76,0.71,0.07,0.14,0.34
tract,NA,NA,09003405600,82,0.29,0.12,0.05,0.12,0.1,0.3,0.75,0.65,0.09,0.18,0.36
tract,NA,NA,09003405700,76,0.37,0.17,0.07,0.14,0.13,0.35,0.75,0.56,0.12,0.23,0.38
tract,NA,NA,09003405800,80.7,0.25,0.11,0.05,0.12,0.09,0.31,0.77,0.73,0.05,0.14,0.33
tract,NA,NA,09003405900,80.4,0.24,0.1,0.05,0.11,0.09,0.31,0.77,0.73,0.06,0.14,0.33
tract,NA,NA,09003406001,77,0.35,0.17,0.08,0.13,0.13,0.36,0.78,0.63,0.1,0.18,0.35
tract,NA,NA,09003406002,83.5,0.27,0.13,0.07,0.11,0.1,0.34,0.78,0.73,0.05,0.13,0.32
tract,NA,NA,09003406100,73,0.39,0.19,0.08,0.14,0.13,0.36,0.76,0.55,0.14,0.22,0.37
tract,NA,NA,09003410101,83.4,0.21,0.09,0.05,0.11,0.08,0.3,0.77,0.78,0.04,0.12,0.32
tract,NA,NA,09003410102,81.9,0.21,0.09,0.04,0.11,0.08,0.29,0.77,0.77,0.04,0.12,0.32
tract,NA,NA,09003415300,76.5,0.42,0.18,0.06,0.15,0.14,0.33,0.74,0.47,0.22,0.24,0.41
tract,NA,NA,09003415400,77.9,0.32,0.14,0.05,0.13,0.12,0.31,0.75,0.6,0.14,0.18,0.38
tract,NA,NA,09003415500,76.3,0.35,0.14,0.05,0.13,0.12,0.31,0.74,0.55,0.17,0.19,0.39
tract,NA,NA,09003415600,78.2,0.35,0.16,0.06,0.13,0.12,0.33,0.76,0.59,0.16,0.17,0.37
tract,NA,NA,09003415700,74.4,0.29,0.12,0.05,0.12,0.1,0.29,0.75,0.63,0.12,0.16,0.36
tract,NA,NA,09003415800,73.5,0.33,0.16,0.07,0.12,0.13,0.35,0.77,0.62,0.11,0.16,0.36
tract,NA,NA,09003415900,72.9,0.43,0.2,0.07,0.14,0.16,0.36,0.74,0.46,0.21,0.27,0.4
tract,NA,NA,09003416000,76,0.37,0.16,0.07,0.13,0.12,0.33,0.74,0.55,0.15,0.22,0.38
tract,NA,NA,09003416100,74.6,0.46,0.22,0.08,0.15,0.17,0.36,0.74,0.43,0.27,0.25,0.4
tract,NA,NA,09003416200,75.2,0.39,0.17,0.06,0.14,0.14,0.32,0.74,0.5,0.21,0.2,0.39
tract,NA,NA,09003416300,73.5,0.39,0.19,0.07,0.14,0.16,0.37,0.76,0.53,0.17,0.22,0.39
tract,NA,NA,09003416400,80.6,0.26,0.12,0.06,0.11,0.1,0.33,0.78,0.73,0.06,0.12,0.32
tract,NA,NA,09003416500,78.7,0.3,0.13,0.06,0.12,0.11,0.32,0.76,0.64,0.11,0.15,0.36
tract,NA,NA,09003416600,74.9,0.41,0.2,0.08,0.14,0.16,0.36,0.76,0.51,0.19,0.21,0.39
tract,NA,NA,09003416700,75.2,0.35,0.16,0.07,0.13,0.14,0.35,0.76,0.58,0.14,0.18,0.37
tract,NA,NA,09003416800,77.9,0.3,0.13,0.06,0.12,0.1,0.31,0.76,0.66,0.1,0.15,0.35
tract,NA,NA,09003417100,71.5,0.43,0.21,0.08,0.13,0.18,0.38,0.75,0.46,0.23,0.23,0.4
tract,NA,NA,09003417200,80.2,0.29,0.09,0.04,0.13,0.08,0.23,0.72,0.64,0.1,0.14,0.35
tract,NA,NA,09003417400,77.1,0.24,0.09,0.05,0.11,0.08,0.28,0.76,0.74,0.06,0.09,0.32
tract,NA,NA,09003417500,82,0.3,0.14,0.07,0.12,0.11,0.34,0.77,0.68,0.08,0.14,0.34
tract,NA,NA,09003420400,84.3,0.24,0.1,0.05,0.11,0.09,0.31,0.77,0.74,0.05,0.13,0.33
tract,NA,NA,09003420500,77.4,0.28,0.12,0.06,0.12,0.1,0.31,0.76,0.68,0.07,0.16,0.35
tract,NA,NA,09003420600,79.4,0.29,0.13,0.06,0.12,0.1,0.34,0.77,0.7,0.07,0.14,0.33
tract,NA,NA,09003420700,78.2,0.27,0.12,0.06,0.12,0.1,0.32,0.76,0.7,0.06,0.16,0.34
tract,NA,NA,09003430100,79.6,0.29,0.13,0.07,0.12,0.1,0.33,0.77,0.69,0.06,0.15,0.34
tract,NA,NA,09003430201,78.6,0.24,0.1,0.05,0.11,0.09,0.31,0.77,0.74,0.05,0.13,0.33
tract,NA,NA,09003430202,79.9,0.22,0.1,0.05,0.11,0.09,0.31,0.78,0.77,0.04,0.11,0.32
tract,NA,NA,09003430203,83.2,0.27,0.13,0.07,0.11,0.11,0.37,0.8,0.76,0.04,0.11,0.3
tract,NA,NA,09003430301,80.6,0.22,0.09,0.05,0.11,0.08,0.3,0.78,0.78,0.04,0.11,0.31
tract,NA,NA,09003430302,81.6,0.25,0.11,0.06,0.11,0.09,0.32,0.77,0.74,0.05,0.14,0.33
tract,NA,NA,09003430400,80.6,0.25,0.11,0.06,0.11,0.09,0.32,0.78,0.75,0.05,0.12,0.32
tract,NA,NA,09003430500,80.1,0.21,0.09,0.05,0.11,0.08,0.29,0.77,0.77,0.04,0.12,0.32
tract,NA,NA,09003430601,79.7,0.28,0.13,0.06,0.12,0.1,0.34,0.78,0.71,0.06,0.14,0.33
tract,NA,NA,09003430602,82.8,0.23,0.1,0.05,0.11,0.09,0.3,0.77,0.75,0.05,0.13,0.33
tract,NA,NA,09003460100,80.2,0.29,0.14,0.08,0.11,0.12,0.38,0.81,0.75,0.05,0.1,0.3
tract,NA,NA,09003460202,82.4,0.22,0.09,0.05,0.11,0.09,0.3,0.78,0.77,0.04,0.1,0.31
tract,NA,NA,09003460203,81.8,0.23,0.1,0.06,0.11,0.09,0.32,0.79,0.78,0.04,0.09,0.3
tract,NA,NA,09003460204,82.9,0.24,0.11,0.06,0.11,0.1,0.32,0.78,0.75,0.04,0.11,0.32
tract,NA,NA,09003460301,83.3,0.2,0.09,0.05,0.11,0.08,0.29,0.78,0.79,0.04,0.1,0.31
tract,NA,NA,09003460302,79,0.23,0.1,0.05,0.11,0.09,0.31,0.78,0.76,0.04,0.11,0.31
tract,NA,NA,09003462102,81.4,0.17,0.07,0.04,0.1,0.07,0.27,0.78,0.81,0.03,0.08,0.3
tract,NA,NA,09003462201,81.7,0.24,0.11,0.06,0.11,0.09,0.33,0.8,0.78,0.04,0.1,0.31
tract,NA,NA,09003462202,88.1,0.19,0.08,0.05,0.1,0.08,0.31,0.79,0.81,0.03,0.07,0.29
tract,NA,NA,09003464102,81.9,0.24,0.11,0.06,0.11,0.09,0.32,0.78,0.76,0.04,0.11,0.31
tract,NA,NA,09003466101,82.3,0.2,0.09,0.05,0.1,0.08,0.31,0.79,0.81,0.03,0.08,0.29
tract,NA,NA,09003466102,84.1,0.18,0.07,0.04,0.1,0.07,0.28,0.78,0.8,0.03,0.09,0.3
tract,NA,NA,09003466201,82,0.22,0.1,0.05,0.11,0.09,0.31,0.79,0.78,0.04,0.1,0.31
tract,NA,NA,09003466202,82.9,0.22,0.1,0.06,0.11,0.09,0.33,0.8,0.79,0.03,0.1,0.3
tract,NA,NA,09003466300,79.9,0.2,0.09,0.05,0.11,0.08,0.3,0.78,0.8,0.03,0.09,0.3
tract,NA,NA,09003466400,84.6,0.23,0.1,0.05,0.11,0.09,0.31,0.77,0.75,0.05,0.12,0.32
tract,NA,NA,09003468101,80.8,0.2,0.09,0.05,0.11,0.08,0.3,0.78,0.79,0.04,0.11,0.31
tract,NA,NA,09003468102,81.5,0.25,0.12,0.06,0.11,0.1,0.34,0.79,0.76,0.04,0.12,0.31
tract,NA,NA,09003470100,83.4,0.23,0.1,0.05,0.11,0.09,0.31,0.78,0.76,0.04,0.12,0.32
tract,NA,NA,09003471100,77,0.3,0.15,0.06,0.13,0.15,0.43,0.83,0.66,0.07,0.14,0.42
tract,NA,NA,09003471200,78.4,0.34,0.18,0.07,0.14,0.17,0.45,0.83,0.6,0.09,0.17,0.43
tract,NA,NA,09003471300,81.5,0.29,0.15,0.07,0.12,0.14,0.41,0.82,0.69,0.06,0.12,0.37
tract,NA,NA,09003471400,82.1,0.28,0.14,0.07,0.11,0.13,0.41,0.83,0.75,0.05,0.1,0.33
tract,NA,NA,09003471500,80.2,0.31,0.15,0.07,0.12,0.13,0.42,0.84,0.71,0.06,0.11,0.37
tract,NA,NA,09003473100,79.4,0.28,0.14,0.06,0.12,0.12,0.38,0.81,0.7,0.06,0.12,0.37
tract,NA,NA,09003473400,77.6,0.26,0.12,0.06,0.12,0.1,0.34,0.78,0.72,0.06,0.13,0.34
tract,NA,NA,09003473501,80.6,0.21,0.1,0.05,0.11,0.1,0.33,0.8,0.77,0.04,0.1,0.33
tract,NA,NA,09003473502,80.6,0.23,0.1,0.05,0.12,0.1,0.32,0.79,0.75,0.05,0.12,0.34
tract,NA,NA,09003473601,78.8,0.23,0.1,0.06,0.11,0.1,0.34,0.8,0.77,0.04,0.1,0.32
tract,NA,NA,09003473602,78.6,0.25,0.11,0.05,0.11,0.1,0.3,0.76,0.69,0.07,0.13,0.35
tract,NA,NA,09003473700,82.3,0.28,0.13,0.06,0.13,0.12,0.36,0.8,0.67,0.07,0.14,0.38
tract,NA,NA,09003473800,80.5,0.27,0.12,0.05,0.13,0.12,0.36,0.8,0.67,0.07,0.14,0.41
tract,NA,NA,09003476100,77.9,0.29,0.13,0.06,0.12,0.1,0.33,0.77,0.67,0.07,0.16,0.35
tract,NA,NA,09003476200,80.2,0.27,0.12,0.06,0.11,0.1,0.34,0.78,0.72,0.06,0.14,0.33
tract,NA,NA,09003476300,79.5,0.26,0.12,0.06,0.11,0.1,0.32,0.77,0.72,0.06,0.14,0.34
tract,NA,NA,09003477101,80.9,0.21,0.09,0.05,0.11,0.08,0.31,0.78,0.79,0.04,0.1,0.3
tract,NA,NA,09003477102,80.5,0.24,0.09,0.05,0.1,0.08,0.29,0.75,0.72,0.07,0.13,0.34
tract,NA,NA,09003477200,82.5,0.23,0.1,0.06,0.11,0.09,0.32,0.78,0.76,0.04,0.12,0.32
tract,NA,NA,09003480300,80.3,0.28,0.13,0.06,0.12,0.1,0.33,0.76,0.68,0.07,0.17,0.35
tract,NA,NA,09003480400,81.5,0.28,0.12,0.06,0.12,0.1,0.34,0.78,0.71,0.06,0.15,0.34
tract,NA,NA,09003480500,79.7,0.28,0.12,0.06,0.12,0.09,0.31,0.75,0.68,0.07,0.16,0.35
tract,NA,NA,09003480600,75.8,0.32,0.13,0.05,0.13,0.1,0.29,0.73,0.58,0.11,0.21,0.38
tract,NA,NA,09003480700,77.7,0.37,0.19,0.09,0.13,0.14,0.4,0.8,0.65,0.08,0.16,0.34
tract,NA,NA,09003480800,79.1,0.25,0.11,0.06,0.11,0.09,0.31,0.77,0.74,0.05,0.12,0.32
tract,NA,NA,09003480900,79.1,0.26,0.11,0.06,0.11,0.09,0.32,0.78,0.74,0.05,0.13,0.33
tract,NA,NA,09003481000,81.3,0.22,0.09,0.05,0.11,0.09,0.3,0.77,0.76,0.04,0.12,0.32
tract,NA,NA,09003481100,80.1,0.27,0.12,0.06,0.12,0.1,0.33,0.77,0.72,0.06,0.14,0.33
tract,NA,NA,09003481200,80,0.24,0.11,0.05,0.11,0.09,0.31,0.77,0.74,0.05,0.12,0.33
tract,NA,NA,09003481300,78.3,0.25,0.11,0.06,0.11,0.1,0.32,0.77,0.74,0.05,0.13,0.33
tract,NA,NA,09003484100,77.8,0.24,0.1,0.06,0.11,0.09,0.32,0.78,0.74,0.05,0.12,0.33
tract,NA,NA,09003484200,80.7,0.26,0.12,0.06,0.12,0.1,0.32,0.77,0.71,0.06,0.14,0.34
tract,NA,NA,09003487100,80.2,0.22,0.09,0.05,0.11,0.09,0.3,0.78,0.77,0.04,0.11,0.32
tract,NA,NA,09003487201,83.9,0.26,0.12,0.06,0.11,0.1,0.35,0.79,0.74,0.05,0.12,0.32
tract,NA,NA,09003487202,81.3,0.18,0.07,0.04,0.1,0.08,0.27,0.77,0.8,0.03,0.09,0.31
tract,NA,NA,09003487300,77.5,0.29,0.14,0.07,0.11,0.12,0.37,0.79,0.71,0.06,0.14,0.33
tract,NA,NA,09003487400,81.2,0.23,0.1,0.06,0.11,0.09,0.32,0.79,0.77,0.04,0.1,0.31
tract,NA,NA,09003487500,81.3,0.24,0.1,0.05,0.11,0.09,0.31,0.78,0.75,0.05,0.11,0.32
tract,NA,NA,09003490100,78.9,0.24,0.1,0.05,0.11,0.09,0.3,0.77,0.74,0.05,0.12,0.33
tract,NA,NA,09003490302,82.2,0.22,0.09,0.05,0.1,0.08,0.29,0.77,0.76,0.04,0.1,0.32
tract,NA,NA,09003492200,79.6,0.26,0.12,0.06,0.11,0.1,0.32,0.78,0.73,0.06,0.12,0.32
tract,NA,NA,09003492300,81.8,0.29,0.13,0.06,0.12,0.11,0.33,0.77,0.69,0.08,0.14,0.34
tract,NA,NA,09003492400,83.4,0.25,0.11,0.06,0.11,0.1,0.33,0.79,0.76,0.05,0.11,0.31
tract,NA,NA,09003492500,81.3,0.25,0.11,0.06,0.11,0.1,0.34,0.8,0.78,0.04,0.1,0.3
tract,NA,NA,09003492600,84.1,0.26,0.12,0.07,0.11,0.1,0.36,0.8,0.77,0.04,0.1,0.3
tract,NA,NA,09003494100,82.3,0.24,0.1,0.05,0.11,0.09,0.3,0.77,0.73,0.06,0.12,0.33
tract,NA,NA,09003494201,80.4,0.29,0.14,0.07,0.11,0.11,0.36,0.79,0.71,0.06,0.13,0.33
tract,NA,NA,09003494202,82.9,0.2,0.08,0.04,0.11,0.08,0.28,0.77,0.79,0.04,0.09,0.31
tract,NA,NA,09003494300,80.8,0.28,0.13,0.06,0.12,0.1,0.33,0.77,0.7,0.07,0.14,0.34
tract,NA,NA,09003494400,80.5,0.27,0.13,0.06,0.11,0.1,0.34,0.78,0.73,0.06,0.12,0.32
tract,NA,NA,09003494500,81.4,0.24,0.1,0.05,0.11,0.09,0.31,0.77,0.74,0.05,0.12,0.33
tract,NA,NA,09003494600,79.2,0.26,0.12,0.06,0.11,0.1,0.33,0.78,0.73,0.06,0.12,0.32
tract,NA,NA,09003496100,79.9,0.29,0.13,0.05,0.12,0.12,0.31,0.76,0.62,0.11,0.16,0.38
tract,NA,NA,09003496200,81.9,0.26,0.12,0.06,0.11,0.1,0.32,0.78,0.74,0.06,0.11,0.32
tract,NA,NA,09003496300,83.2,0.21,0.09,0.04,0.11,0.08,0.28,0.77,0.77,0.05,0.1,0.31
tract,NA,NA,09003496400,83,0.21,0.09,0.05,0.1,0.09,0.31,0.79,0.8,0.04,0.09,0.3
tract,NA,NA,09003496500,81.8,0.17,0.07,0.04,0.1,0.07,0.28,0.78,0.82,0.03,0.07,0.29
tract,NA,NA,09003496600,83.1,0.22,0.1,0.06,0.1,0.1,0.34,0.81,0.8,0.03,0.08,0.29
tract,NA,NA,09003496700,79.9,0.25,0.1,0.04,0.12,0.09,0.28,0.75,0.68,0.08,0.13,0.35
tract,NA,NA,09003496800,80,0.24,0.1,0.04,0.11,0.09,0.28,0.76,0.71,0.08,0.12,0.35
tract,NA,NA,09003496900,85.6,0.21,0.08,0.04,0.11,0.07,0.26,0.76,0.77,0.05,0.09,0.31
tract,NA,NA,09003497000,86.2,0.19,0.08,0.05,0.1,0.08,0.3,0.79,0.81,0.03,0.08,0.29
tract,NA,NA,09003497100,80.5,0.26,0.12,0.06,0.11,0.09,0.32,0.78,0.74,0.05,0.1,0.31
tract,NA,NA,09003497200,77.9,0.27,0.12,0.07,0.11,0.09,0.33,0.81,0.8,0.04,0.07,0.28
tract,NA,NA,09003497300,82,0.24,0.11,0.06,0.11,0.09,0.32,0.8,0.78,0.04,0.08,0.3
tract,NA,NA,09003497400,85.9,0.19,0.08,0.05,0.1,0.08,0.3,0.8,0.82,0.03,0.07,0.28
tract,NA,NA,09003497500,81.1,0.27,0.13,0.07,0.11,0.12,0.38,0.81,0.76,0.04,0.1,0.3
tract,NA,NA,09003497600,84.6,0.19,0.08,0.04,0.1,0.08,0.29,0.78,0.81,0.03,0.07,0.29
tract,NA,NA,09003497700,81.4,0.19,0.08,0.05,0.1,0.09,0.32,0.8,0.83,0.03,0.07,0.28
tract,NA,NA,09003500200,75.3,0.44,0.2,0.06,0.15,0.16,0.33,0.73,0.42,0.27,0.25,0.42
tract,NA,NA,09003500300,71.9,0.39,0.18,0.07,0.13,0.17,0.35,0.76,0.51,0.22,0.19,0.39
tract,NA,NA,09003500400,75.3,0.41,0.2,0.06,0.14,0.17,0.36,0.75,0.47,0.23,0.22,0.41
tract,NA,NA,09003500500,78,0.31,0.14,0.06,0.11,0.14,0.32,0.75,0.58,0.14,0.15,0.37
tract,NA,NA,09003500900,75.6,0.45,0.23,0.07,0.16,0.2,0.39,0.77,0.42,0.25,0.25,0.44
tract,NA,NA,09003501200,68.9,0.43,0.22,0.06,0.17,0.19,0.43,0.8,0.43,0.17,0.27,0.48
tract,NA,NA,09003501300,75.6,0.4,0.19,0.05,0.16,0.17,0.39,0.78,0.47,0.17,0.23,0.46
tract,NA,NA,09003501400,79.2,0.48,0.28,0.09,0.17,0.24,0.49,0.81,0.41,0.18,0.29,0.48
tract,NA,NA,09003501500,80.7,0.38,0.19,0.06,0.16,0.18,0.43,0.81,0.51,0.13,0.22,0.46
tract,NA,NA,09003501800,74.2,0.47,0.23,0.07,0.16,0.2,0.4,0.77,0.39,0.25,0.28,0.46
tract,NA,NA,09003502100,81.2,0.17,0.05,0.03,0.1,0.06,0.21,0.73,0.76,0.05,0.08,0.32
tract,NA,NA,09003502300,78.5,0.34,0.15,0.06,0.13,0.13,0.32,0.75,0.58,0.17,0.18,0.38
tract,NA,NA,09003502400,78.6,0.41,0.19,0.06,0.14,0.16,0.33,0.74,0.47,0.24,0.23,0.41
tract,NA,NA,09003502500,76.2,0.35,0.16,0.06,0.13,0.14,0.33,0.75,0.56,0.17,0.18,0.38
tract,NA,NA,09003502600,79.8,0.41,0.2,0.06,0.14,0.17,0.35,0.75,0.47,0.23,0.22,0.41
tract,NA,NA,09003502700,77.5,0.37,0.12,0.04,0.14,0.11,0.24,0.72,0.53,0.17,0.16,0.37
tract,NA,NA,09003502800,73.5,0.46,0.2,0.06,0.14,0.17,0.33,0.72,0.4,0.33,0.25,0.41
tract,NA,NA,09003502900,77.8,0.32,0.13,0.04,0.13,0.12,0.28,0.73,0.55,0.18,0.17,0.39
tract,NA,NA,09003503000,76,0.38,0.17,0.06,0.13,0.16,0.33,0.75,0.52,0.22,0.18,0.39
tract,NA,NA,09003503100,80.8,0.36,0.17,0.06,0.14,0.16,0.37,0.77,0.53,0.14,0.19,0.42
tract,NA,NA,09003503300,77.2,0.34,0.14,0.04,0.15,0.13,0.33,0.77,0.53,0.16,0.2,0.43
tract,NA,NA,09003503500,75.6,0.38,0.18,0.06,0.16,0.17,0.4,0.79,0.49,0.15,0.23,0.47
tract,NA,NA,09003503700,75.5,0.38,0.2,0.06,0.16,0.18,0.45,0.82,0.52,0.11,0.22,0.47
tract,NA,NA,09003503900,75.8,0.33,0.17,0.06,0.14,0.17,0.44,0.83,0.6,0.09,0.17,0.45
tract,NA,NA,09003504000,79.1,0.33,0.17,0.06,0.15,0.16,0.43,0.82,0.59,0.1,0.18,0.45
tract,NA,NA,09003504200,74.2,0.38,0.17,0.07,0.14,0.16,0.36,0.76,0.53,0.15,0.2,0.4
tract,NA,NA,09003504300,73.7,0.44,0.21,0.08,0.14,0.18,0.36,0.75,0.46,0.24,0.23,0.4
tract,NA,NA,09003504500,79.2,0.39,0.18,0.06,0.13,0.16,0.34,0.75,0.49,0.24,0.21,0.4
tract,NA,NA,09003504800,75,0.36,0.17,0.07,0.12,0.16,0.36,0.77,0.57,0.17,0.17,0.38
tract,NA,NA,09003504900,76.7,0.37,0.17,0.06,0.13,0.15,0.32,0.74,0.51,0.22,0.2,0.4
tract,NA,NA,09003510100,77.1,0.27,0.12,0.05,0.12,0.11,0.33,0.78,0.68,0.09,0.14,0.36
tract,NA,NA,09003510200,71.5,0.38,0.19,0.08,0.13,0.16,0.4,0.79,0.58,0.14,0.18,0.38
tract,NA,NA,09003510300,75.2,0.34,0.15,0.06,0.14,0.13,0.34,0.77,0.56,0.14,0.2,0.41
tract,NA,NA,09003510400,75.1,0.41,0.19,0.06,0.15,0.16,0.37,0.75,0.46,0.21,0.25,0.43
tract,NA,NA,09003510500,75.4,0.29,0.13,0.05,0.12,0.12,0.31,0.76,0.61,0.11,0.15,0.38
tract,NA,NA,09003510600,75.8,0.37,0.17,0.06,0.14,0.15,0.36,0.77,0.54,0.15,0.2,0.41
tract,NA,NA,09003510700,77.9,0.3,0.14,0.06,0.12,0.12,0.35,0.78,0.65,0.1,0.16,0.37
tract,NA,NA,09003510800,78.3,0.29,0.13,0.06,0.12,0.11,0.34,0.78,0.68,0.09,0.14,0.36
tract,NA,NA,09003510900,81.5,0.28,0.13,0.06,0.11,0.11,0.34,0.79,0.72,0.07,0.13,0.33
tract,NA,NA,09003511000,80.6,0.27,0.12,0.06,0.11,0.11,0.35,0.79,0.72,0.06,0.12,0.34
tract,NA,NA,09003511100,80.3,0.26,0.12,0.06,0.11,0.1,0.33,0.78,0.73,0.07,0.12,0.34
tract,NA,NA,09003511200,81.6,0.37,0.17,0.06,0.14,0.14,0.36,0.76,0.53,0.15,0.22,0.41
tract,NA,NA,09003511300,78.7,0.3,0.13,0.05,0.13,0.12,0.33,0.77,0.61,0.11,0.17,0.4
tract,NA,NA,09003511400,80.1,0.28,0.13,0.06,0.12,0.12,0.35,0.78,0.68,0.08,0.14,0.36
tract,NA,NA,09003514101,81.4,0.26,0.12,0.06,0.11,0.1,0.34,0.79,0.74,0.05,0.12,0.32
tract,NA,NA,09003514102,82.6,0.17,0.06,0.03,0.1,0.06,0.21,0.73,0.74,0.05,0.08,0.33
tract,NA,NA,09003514200,76.9,0.3,0.13,0.06,0.13,0.11,0.32,0.76,0.65,0.08,0.17,0.37
tract,NA,NA,09003514300,79.8,0.25,0.11,0.05,0.12,0.09,0.3,0.77,0.72,0.06,0.13,0.34
tract,NA,NA,09003514400,78.6,0.27,0.11,0.05,0.12,0.1,0.3,0.76,0.66,0.08,0.16,0.36
tract,NA,NA,09003514500,81.8,0.26,0.11,0.05,0.12,0.1,0.3,0.76,0.71,0.07,0.13,0.34
tract,NA,NA,09003514600,77.6,0.32,0.15,0.06,0.12,0.11,0.34,0.77,0.63,0.1,0.16,0.36
tract,NA,NA,09003514700,73.1,0.26,0.1,0.04,0.12,0.08,0.27,0.74,0.65,0.09,0.16,0.37
tract,NA,NA,09003514800,79.8,0.32,0.14,0.06,0.13,0.12,0.33,0.76,0.6,0.11,0.19,0.38
tract,NA,NA,09003514900,80,0.26,0.11,0.06,0.11,0.09,0.32,0.77,0.74,0.05,0.13,0.33
tract,NA,NA,09003515000,82.6,0.26,0.12,0.06,0.11,0.1,0.34,0.79,0.75,0.05,0.12,0.32
tract,NA,NA,09003515101,72.4,0.26,0.12,0.06,0.11,0.1,0.33,0.78,0.72,0.06,0.13,0.33
tract,NA,NA,09003515102,80.2,0.24,0.1,0.05,0.11,0.1,0.31,0.77,0.71,0.06,0.12,0.34
tract,NA,NA,09003515200,82.9,0.22,0.1,0.06,0.11,0.09,0.32,0.79,0.78,0.04,0.1,0.31
tract,NA,NA,09003520100,80.6,0.2,0.09,0.05,0.1,0.08,0.3,0.78,0.8,0.03,0.09,0.3
tract,NA,NA,09003520201,82.2,0.2,0.08,0.05,0.1,0.08,0.3,0.78,0.79,0.03,0.09,0.3
tract,NA,NA,09003520202,80.2,0.19,0.08,0.04,0.1,0.08,0.29,0.78,0.8,0.03,0.09,0.31
tract,NA,NA,09003520301,83,0.22,0.09,0.04,0.11,0.09,0.28,0.77,0.75,0.05,0.11,0.33
tract,NA,NA,09003520302,81.1,0.26,0.12,0.06,0.11,0.1,0.33,0.79,0.75,0.05,0.1,0.31
tract,NA,NA,09003520400,83.3,0.21,0.09,0.05,0.1,0.09,0.32,0.79,0.8,0.03,0.09,0.3
tract,NA,NA,09003520501,87.4,0.19,0.08,0.05,0.11,0.08,0.3,0.78,0.8,0.03,0.09,0.3
tract,NA,NA,09003524100,77.9,0.22,0.1,0.05,0.11,0.09,0.31,0.78,0.76,0.04,0.12,0.32
tract,NA,NA,09003524200,77.1,0.27,0.13,0.07,0.11,0.11,0.36,0.79,0.73,0.05,0.12,0.32
tract,NA,NA,09003524400,76.7,0.35,0.18,0.06,0.15,0.17,0.41,0.81,0.57,0.12,0.18,0.44
tract,NA,NA,09003524501,78,0.28,0.1,0.04,0.12,0.1,0.27,0.74,0.64,0.12,0.14,0.36
tract,NA,NA,09003524502,80.6,0.27,0.12,0.06,0.12,0.12,0.35,0.79,0.7,0.07,0.13,0.35
tract,NA,NA,09003524700,82.5,0.32,0.15,0.06,0.11,0.12,0.33,0.78,0.64,0.15,0.12,0.36
tract,NA,NA,09005250100,81.5,0.21,0.1,0.06,0.1,0.09,0.32,0.78,0.78,0.04,0.1,0.29
tract,NA,NA,09005253100,77.3,0.24,0.11,0.05,0.1,0.09,0.28,0.73,0.69,0.07,0.14,0.34
tract,NA,NA,09005253200,83.7,0.2,0.09,0.04,0.1,0.07,0.25,0.74,0.76,0.05,0.11,0.32
tract,NA,NA,09005253300,84.2,0.2,0.08,0.04,0.1,0.07,0.24,0.72,0.73,0.06,0.13,0.33
tract,NA,NA,09005253400,79.4,0.2,0.09,0.05,0.1,0.08,0.27,0.74,0.76,0.05,0.11,0.31
tract,NA,NA,09005253600,79.1,0.26,0.12,0.06,0.11,0.09,0.29,0.73,0.67,0.08,0.15,0.34
tract,NA,NA,09005260200,74.4,0.28,0.13,0.07,0.11,0.1,0.31,0.74,0.67,0.08,0.15,0.33
tract,NA,NA,09005261100,79.5,0.23,0.12,0.07,0.1,0.1,0.33,0.78,0.76,0.04,0.1,0.29
tract,NA,NA,09005262100,81.1,0.26,0.14,0.07,0.1,0.11,0.35,0.78,0.72,0.05,0.13,0.31
tract,NA,NA,09005266100,81.6,0.23,0.11,0.06,0.1,0.09,0.31,0.76,0.75,0.05,0.11,0.3
tract,NA,NA,09005267100,82.6,0.22,0.11,0.06,0.1,0.09,0.31,0.77,0.76,0.04,0.1,0.3
tract,NA,NA,09005290100,81.8,0.21,0.1,0.05,0.1,0.08,0.28,0.75,0.75,0.05,0.12,0.32
tract,NA,NA,09005293100,80.9,0.22,0.1,0.06,0.1,0.09,0.29,0.75,0.74,0.05,0.13,0.32
tract,NA,NA,09005296100,82.6,0.22,0.1,0.06,0.1,0.09,0.31,0.76,0.76,0.04,0.11,0.31
tract,NA,NA,09005298300,81.1,0.23,0.11,0.06,0.1,0.09,0.3,0.75,0.74,0.05,0.12,0.32
tract,NA,NA,09005298400,85.5,0.2,0.1,0.05,0.1,0.08,0.28,0.75,0.76,0.04,0.11,0.31
tract,NA,NA,09005300100,81.2,0.24,0.12,0.06,0.1,0.09,0.31,0.76,0.74,0.05,0.12,0.31
tract,NA,NA,09005300400,85.8,0.24,0.12,0.07,0.1,0.1,0.32,0.77,0.74,0.05,0.12,0.3
tract,NA,NA,09005300500,78.2,0.24,0.12,0.06,0.1,0.09,0.31,0.76,0.74,0.05,0.12,0.31
tract,NA,NA,09005303100,78.6,0.23,0.1,0.06,0.1,0.09,0.29,0.75,0.74,0.05,0.12,0.32
tract,NA,NA,09005306100,83.1,0.19,0.09,0.04,0.1,0.07,0.26,0.74,0.77,0.04,0.11,0.31
tract,NA,NA,09005310100,77,0.28,0.13,0.06,0.11,0.1,0.3,0.73,0.65,0.09,0.16,0.34
tract,NA,NA,09005310200,72,0.35,0.17,0.07,0.12,0.12,0.32,0.72,0.54,0.13,0.22,0.37
tract,NA,NA,09005310300,71.6,0.3,0.14,0.06,0.12,0.1,0.28,0.71,0.59,0.12,0.19,0.36
tract,NA,NA,09005310400,80.4,0.25,0.12,0.06,0.1,0.09,0.3,0.74,0.71,0.06,0.13,0.32
tract,NA,NA,09005310601,81.3,0.22,0.1,0.05,0.1,0.08,0.27,0.74,0.72,0.06,0.14,0.33
tract,NA,NA,09005310602,80.2,0.27,0.13,0.07,0.1,0.1,0.32,0.76,0.71,0.06,0.14,0.32
tract,NA,NA,09005310700,79.8,0.23,0.11,0.06,0.1,0.09,0.29,0.75,0.73,0.05,0.13,0.32
tract,NA,NA,09005310801,74.1,0.28,0.12,0.06,0.11,0.09,0.28,0.71,0.62,0.1,0.18,0.35
tract,NA,NA,09005310803,75.3,0.29,0.14,0.07,0.11,0.1,0.31,0.73,0.64,0.09,0.17,0.34
tract,NA,NA,09005310804,81.2,0.29,0.14,0.06,0.11,0.1,0.31,0.74,0.66,0.09,0.15,0.34
tract,NA,NA,09005320100,79.6,0.29,0.14,0.06,0.11,0.1,0.31,0.74,0.64,0.09,0.18,0.35
tract,NA,NA,09005320200,79.7,0.25,0.12,0.06,0.1,0.09,0.3,0.75,0.7,0.06,0.14,0.33
tract,NA,NA,09005342100,81.1,0.21,0.1,0.05,0.1,0.09,0.29,0.76,0.75,0.04,0.12,0.31
tract,NA,NA,09005349100,81.1,0.22,0.1,0.05,0.1,0.08,0.27,0.73,0.72,0.06,0.14,0.33
tract,NA,NA,09005349200,78.9,0.26,0.12,0.06,0.1,0.09,0.3,0.74,0.69,0.06,0.15,0.34
tract,NA,NA,09005360100,79.1,0.22,0.1,0.05,0.1,0.08,0.28,0.75,0.74,0.05,0.12,0.31
tract,NA,NA,09005360200,80.5,0.22,0.1,0.05,0.1,0.08,0.28,0.75,0.74,0.05,0.12,0.32
tract,NA,NA,09005360300,78.3,0.24,0.11,0.05,0.1,0.08,0.27,0.73,0.7,0.07,0.14,0.33
tract,NA,NA,09005360400,81.5,0.26,0.12,0.06,0.11,0.09,0.3,0.74,0.7,0.07,0.14,0.33
tract,NA,NA,09005362101,81.5,0.21,0.1,0.05,0.1,0.08,0.29,0.76,0.76,0.04,0.11,0.31
tract,NA,NA,09005362102,86.8,0.22,0.1,0.06,0.1,0.09,0.3,0.76,0.75,0.05,0.12,0.31
tract,NA,NA,09005425300,80.1,0.23,0.1,0.05,0.1,0.08,0.28,0.74,0.72,0.06,0.14,0.33
tract,NA,NA,09005425400,78.4,0.23,0.1,0.05,0.1,0.08,0.28,0.73,0.71,0.06,0.14,0.34
tract,NA,NA,09005425500,75.8,0.24,0.11,0.05,0.1,0.08,0.27,0.73,0.7,0.06,0.15,0.34
tract,NA,NA,09005425600,85.6,0.24,0.12,0.06,0.1,0.09,0.32,0.76,0.74,0.05,0.12,0.31
tract,NA,NA,09007541100,76.3,0.31,0.14,0.05,0.13,0.11,0.31,0.76,0.58,0.11,0.21,0.37
tract,NA,NA,09007541200,81.6,0.25,0.12,0.06,0.11,0.1,0.31,0.78,0.7,0.06,0.14,0.32
tract,NA,NA,09007541300,77.5,0.17,0.05,0.02,0.11,0.05,0.18,0.73,0.74,0.06,0.11,0.32
tract,NA,NA,09007541401,79.2,0.2,0.08,0.04,0.1,0.08,0.27,0.77,0.76,0.05,0.12,0.31
tract,NA,NA,09007541402,79.8,0.24,0.11,0.06,0.11,0.09,0.3,0.78,0.73,0.06,0.12,0.31
tract,NA,NA,09007541600,76.9,0.36,0.17,0.07,0.14,0.15,0.35,0.76,0.52,0.14,0.24,0.38
tract,NA,NA,09007541700,71.3,0.34,0.16,0.07,0.13,0.12,0.33,0.78,0.6,0.1,0.18,0.34
tract,NA,NA,09007542000,80.1,0.27,0.12,0.06,0.12,0.1,0.31,0.78,0.69,0.07,0.16,0.33
tract,NA,NA,09007542100,80.2,0.26,0.11,0.05,0.12,0.09,0.28,0.77,0.7,0.07,0.14,0.32
tract,NA,NA,09007542200,83.8,0.21,0.1,0.05,0.11,0.09,0.3,0.79,0.77,0.04,0.11,0.3
tract,NA,NA,09007550100,84.3,0.22,0.1,0.05,0.11,0.08,0.28,0.77,0.74,0.05,0.14,0.31
tract,NA,NA,09007550201,79.7,0.2,0.09,0.04,0.11,0.08,0.27,0.77,0.76,0.05,0.13,0.31
tract,NA,NA,09007550202,82.7,0.25,0.12,0.06,0.11,0.09,0.31,0.78,0.72,0.06,0.15,0.31
tract,NA,NA,09007560100,84.8,0.21,0.09,0.05,0.11,0.08,0.29,0.78,0.76,0.05,0.12,0.3
tract,NA,NA,09007560200,76.8,0.27,0.12,0.06,0.11,0.1,0.31,0.78,0.7,0.06,0.15,0.31
tract,NA,NA,09007570100,81.9,0.19,0.08,0.04,0.11,0.07,0.25,0.77,0.76,0.05,0.11,0.3
tract,NA,NA,09007570200,83.7,0.19,0.08,0.04,0.1,0.07,0.26,0.77,0.78,0.05,0.11,0.29
tract,NA,NA,09007570300,79.5,0.28,0.14,0.07,0.11,0.11,0.35,0.8,0.71,0.06,0.14,0.3
tract,NA,NA,09007580100,82.2,0.23,0.11,0.06,0.11,0.09,0.3,0.78,0.74,0.05,0.14,0.3
tract,NA,NA,09007585100,81.1,0.2,0.09,0.05,0.1,0.08,0.28,0.78,0.78,0.04,0.12,0.29
tract,NA,NA,09007590100,83.4,0.21,0.1,0.05,0.11,0.09,0.29,0.78,0.76,0.05,0.13,0.3
tract,NA,NA,09007595101,85.9,0.2,0.09,0.05,0.11,0.08,0.28,0.78,0.77,0.04,0.12,0.3
tract,NA,NA,09007595102,81.5,0.24,0.11,0.05,0.11,0.09,0.3,0.77,0.73,0.06,0.15,0.31
tract,NA,NA,09007600100,82.4,0.25,0.12,0.06,0.11,0.1,0.33,0.8,0.76,0.05,0.12,0.29
tract,NA,NA,09007610100,78.6,0.25,0.11,0.06,0.11,0.09,0.31,0.78,0.73,0.06,0.13,0.3
tract,NA,NA,09007610200,80.1,0.24,0.11,0.06,0.11,0.1,0.31,0.79,0.73,0.06,0.14,0.3
tract,NA,NA,09007610400,83.8,0.2,0.09,0.04,0.11,0.08,0.27,0.77,0.76,0.05,0.12,0.3
tract,NA,NA,09007620100,77.9,0.21,0.09,0.05,0.1,0.08,0.28,0.78,0.77,0.05,0.12,0.3
tract,NA,NA,09007630100,82.1,0.23,0.11,0.06,0.1,0.1,0.33,0.81,0.77,0.04,0.11,0.28
tract,NA,NA,09007640100,84.5,0.2,0.09,0.05,0.1,0.09,0.3,0.8,0.78,0.04,0.11,0.29
tract,NA,NA,09007670100,80.7,0.22,0.1,0.06,0.1,0.09,0.32,0.8,0.78,0.04,0.1,0.28
tract,NA,NA,09007670200,79.8,0.26,0.13,0.07,0.1,0.11,0.36,0.82,0.76,0.05,0.11,0.28
tract,NA,NA,09007680100,82.4,0.23,0.1,0.06,0.1,0.09,0.31,0.79,0.76,0.05,0.12,0.29
tract,NA,NA,09007680200,78.7,0.25,0.12,0.06,0.11,0.1,0.32,0.79,0.72,0.06,0.14,0.31
tract,NA,NA,09009120100,80.4,0.25,0.12,0.06,0.11,0.09,0.31,0.76,0.72,0.07,0.15,0.35
tract,NA,NA,09009120200,76.8,0.32,0.15,0.06,0.12,0.11,0.32,0.74,0.62,0.12,0.21,0.38
tract,NA,NA,09009125100,78.2,0.24,0.11,0.06,0.1,0.09,0.32,0.76,0.75,0.06,0.14,0.34
tract,NA,NA,09009125200,74.2,0.27,0.12,0.05,0.12,0.1,0.31,0.74,0.66,0.09,0.18,0.38
tract,NA,NA,09009125300,77.6,0.28,0.12,0.05,0.12,0.1,0.3,0.73,0.65,0.11,0.19,0.38
tract,NA,NA,09009125400,76.2,0.32,0.16,0.06,0.12,0.12,0.35,0.75,0.61,0.11,0.22,0.39
tract,NA,NA,09009130101,74.7,0.26,0.12,0.06,0.11,0.09,0.31,0.75,0.72,0.06,0.16,0.35
tract,NA,NA,09009130102,78,0.23,0.1,0.05,0.11,0.08,0.29,0.74,0.74,0.06,0.15,0.35
tract,NA,NA,09009130200,80.7,0.23,0.1,0.05,0.11,0.09,0.3,0.75,0.74,0.06,0.15,0.35
tract,NA,NA,09009140100,80.3,0.15,0.04,0.02,0.1,0.05,0.17,0.7,0.75,0.05,0.09,0.34
tract,NA,NA,09009140200,71,0.5,0.31,0.12,0.14,0.22,0.45,0.79,0.45,0.28,0.22,0.4
tract,NA,NA,09009140300,76.9,0.39,0.18,0.06,0.13,0.16,0.34,0.73,0.45,0.23,0.26,0.44
tract,NA,NA,09009140400,77.4,0.34,0.16,0.05,0.13,0.13,0.32,0.73,0.53,0.2,0.22,0.42
tract,NA,NA,09009140500,78.3,0.39,0.19,0.06,0.14,0.16,0.35,0.74,0.46,0.25,0.26,0.44
tract,NA,NA,09009140600,73.1,0.4,0.2,0.07,0.13,0.17,0.38,0.76,0.48,0.21,0.24,0.44
tract,NA,NA,09009140700,78,0.31,0.13,0.04,0.13,0.12,0.3,0.73,0.54,0.14,0.21,0.42
tract,NA,NA,09009140800,74.6,0.4,0.22,0.07,0.15,0.18,0.43,0.78,0.48,0.17,0.26,0.46
tract,NA,NA,09009140900,77.9,0.31,0.14,0.04,0.14,0.12,0.34,0.76,0.56,0.12,0.23,0.45
tract,NA,NA,09009141000,82.9,0.19,0.08,0.04,0.1,0.07,0.27,0.75,0.77,0.05,0.11,0.33
tract,NA,NA,09009141100,85.1,0.2,0.09,0.05,0.1,0.1,0.32,0.79,0.77,0.05,0.1,0.35
tract,NA,NA,09009141200,77,0.3,0.14,0.05,0.13,0.13,0.35,0.77,0.6,0.1,0.2,0.43
tract,NA,NA,09009141300,78.2,0.3,0.09,0.03,0.14,0.08,0.23,0.72,0.62,0.1,0.15,0.38
tract,NA,NA,09009141400,75.4,0.27,0.12,0.04,0.13,0.12,0.34,0.77,0.63,0.09,0.17,0.43
tract,NA,NA,09009141500,71.7,0.42,0.24,0.07,0.16,0.21,0.46,0.8,0.44,0.15,0.29,0.5
tract,NA,NA,09009141600,73.2,0.34,0.16,0.05,0.13,0.15,0.38,0.76,0.53,0.14,0.22,0.45
tract,NA,NA,09009141800,82.3,0.22,0.09,0.03,0.11,0.08,0.25,0.73,0.68,0.07,0.13,0.37
tract,NA,NA,09009141900,84,0.16,0.05,0.03,0.1,0.05,0.2,0.71,0.76,0.04,0.09,0.33
tract,NA,NA,09009142000,82.5,0.17,0.05,0.03,0.1,0.05,0.19,0.7,0.74,0.05,0.09,0.33
tract,NA,NA,09009142200,83.5,0.19,0.07,0.04,0.1,0.06,0.23,0.72,0.75,0.06,0.11,0.33
tract,NA,NA,09009142300,78.3,0.34,0.15,0.05,0.12,0.13,0.3,0.72,0.53,0.23,0.21,0.41
tract,NA,NA,09009142400,80.9,0.38,0.17,0.05,0.13,0.14,0.32,0.71,0.46,0.26,0.25,0.43
tract,NA,NA,09009142500,75.6,0.33,0.14,0.05,0.12,0.12,0.3,0.72,0.55,0.21,0.2,0.4
tract,NA,NA,09009142601,81.6,0.27,0.12,0.04,0.12,0.11,0.3,0.74,0.62,0.12,0.18,0.41
tract,NA,NA,09009142603,75.5,0.44,0.27,0.11,0.13,0.21,0.47,0.8,0.53,0.17,0.23,0.4
tract,NA,NA,09009142604,74.3,0.26,0.12,0.05,0.11,0.1,0.3,0.75,0.67,0.12,0.16,0.38
tract,NA,NA,09009142700,80.4,0.29,0.12,0.04,0.12,0.11,0.29,0.72,0.59,0.16,0.2,0.4
tract,NA,NA,09009142800,80.7,0.23,0.1,0.05,0.1,0.09,0.3,0.76,0.75,0.06,0.13,0.33
tract,NA,NA,09009150100,78.7,0.19,0.08,0.04,0.1,0.07,0.27,0.75,0.78,0.04,0.11,0.32
tract,NA,NA,09009150200,79.2,0.2,0.09,0.04,0.1,0.07,0.27,0.74,0.75,0.05,0.12,0.34
tract,NA,NA,09009150300,79.2,0.24,0.11,0.05,0.11,0.09,0.3,0.75,0.73,0.06,0.14,0.35
tract,NA,NA,09009150400,77.5,0.23,0.1,0.05,0.1,0.09,0.3,0.75,0.73,0.06,0.15,0.35
tract,NA,NA,09009150500,78.8,0.21,0.09,0.05,0.1,0.08,0.28,0.75,0.76,0.05,0.13,0.34
tract,NA,NA,09009150600,81.9,0.22,0.1,0.05,0.1,0.09,0.3,0.76,0.76,0.05,0.13,0.33
tract,NA,NA,09009150700,83.6,0.2,0.09,0.04,0.1,0.08,0.28,0.76,0.78,0.04,0.12,0.33
tract,NA,NA,09009150800,82.1,0.24,0.11,0.06,0.1,0.09,0.32,0.77,0.76,0.05,0.12,0.33
tract,NA,NA,09009150900,80.5,0.22,0.1,0.05,0.1,0.09,0.31,0.77,0.77,0.05,0.12,0.32
tract,NA,NA,09009151000,80.5,0.23,0.1,0.05,0.1,0.09,0.31,0.77,0.77,0.05,0.13,0.33
tract,NA,NA,09009151100,80.3,0.21,0.09,0.05,0.1,0.08,0.29,0.75,0.77,0.05,0.13,0.33
tract,NA,NA,09009151200,77.6,0.24,0.11,0.06,0.11,0.1,0.32,0.77,0.75,0.05,0.14,0.34
tract,NA,NA,09009154100,78.6,0.27,0.12,0.05,0.12,0.11,0.32,0.75,0.64,0.11,0.17,0.4
tract,NA,NA,09009154200,77.5,0.26,0.12,0.04,0.12,0.11,0.31,0.75,0.64,0.11,0.17,0.4
tract,NA,NA,09009154500,78.8,0.3,0.13,0.05,0.12,0.11,0.3,0.73,0.6,0.13,0.2,0.39
tract,NA,NA,09009154600,78.5,0.29,0.13,0.06,0.12,0.11,0.32,0.74,0.64,0.1,0.19,0.39
tract,NA,NA,09009154700,79.2,0.24,0.11,0.06,0.1,0.09,0.32,0.76,0.75,0.06,0.14,0.34
tract,NA,NA,09009154800,80.1,0.24,0.11,0.05,0.1,0.09,0.31,0.75,0.74,0.06,0.15,0.34
tract,NA,NA,09009154900,79,0.26,0.12,0.06,0.11,0.09,0.31,0.76,0.72,0.08,0.15,0.35
tract,NA,NA,09009155000,75,0.27,0.12,0.05,0.12,0.09,0.29,0.73,0.66,0.1,0.19,0.38
tract,NA,NA,09009157100,79.1,0.24,0.11,0.06,0.1,0.09,0.33,0.78,0.77,0.05,0.11,0.32
tract,NA,NA,09009157200,84,0.2,0.09,0.05,0.1,0.08,0.31,0.78,0.8,0.04,0.1,0.31
tract,NA,NA,09009157300,85.8,0.18,0.08,0.05,0.1,0.08,0.29,0.77,0.81,0.03,0.09,0.31
tract,NA,NA,09009157400,83.8,0.2,0.09,0.05,0.1,0.08,0.3,0.77,0.8,0.04,0.1,0.31
tract,NA,NA,09009160100,82.7,0.17,0.07,0.04,0.09,0.08,0.29,0.78,0.84,0.03,0.07,0.3
tract,NA,NA,09009160200,80.2,0.21,0.1,0.06,0.1,0.09,0.32,0.78,0.79,0.04,0.1,0.31
tract,NA,NA,09009161100,82.6,0.2,0.09,0.05,0.1,0.08,0.3,0.76,0.78,0.04,0.12,0.33
tract,NA,NA,09009165100,79.6,0.25,0.12,0.05,0.11,0.1,0.31,0.76,0.7,0.08,0.15,0.36
tract,NA,NA,09009165200,82.4,0.18,0.08,0.05,0.1,0.08,0.3,0.78,0.82,0.03,0.08,0.3
tract,NA,NA,09009165300,80.6,0.16,0.07,0.04,0.1,0.07,0.26,0.76,0.83,0.03,0.08,0.3
tract,NA,NA,09009165400,79.5,0.25,0.12,0.06,0.1,0.1,0.36,0.8,0.76,0.05,0.11,0.33
tract,NA,NA,09009165500,78.4,0.29,0.14,0.05,0.13,0.13,0.35,0.77,0.61,0.11,0.19,0.44
tract,NA,NA,09009165600,75.9,0.24,0.1,0.04,0.11,0.09,0.3,0.75,0.7,0.08,0.15,0.38
tract,NA,NA,09009165700,78.4,0.23,0.1,0.04,0.12,0.09,0.28,0.75,0.71,0.07,0.14,0.38
tract,NA,NA,09009165801,77.4,0.23,0.09,0.04,0.11,0.08,0.27,0.74,0.72,0.07,0.12,0.36
tract,NA,NA,09009165802,83.5,0.24,0.12,0.06,0.11,0.1,0.34,0.78,0.74,0.06,0.13,0.35
tract,NA,NA,09009165900,82.7,0.2,0.09,0.05,0.1,0.08,0.29,0.76,0.79,0.04,0.1,0.32
tract,NA,NA,09009166001,82.7,0.22,0.09,0.04,0.1,0.07,0.26,0.74,0.75,0.05,0.11,0.33
tract,NA,NA,09009167100,85.2,0.21,0.09,0.05,0.1,0.09,0.31,0.77,0.79,0.04,0.11,0.32
tract,NA,NA,09009167201,81.8,0.23,0.11,0.06,0.1,0.09,0.32,0.77,0.76,0.05,0.12,0.33
tract,NA,NA,09009167202,82.6,0.26,0.12,0.07,0.1,0.1,0.35,0.78,0.75,0.05,0.13,0.33
tract,NA,NA,09009167300,80.6,0.23,0.1,0.05,0.1,0.09,0.31,0.76,0.76,0.05,0.13,0.33
tract,NA,NA,09009170200,73.1,0.35,0.17,0.07,0.12,0.14,0.35,0.74,0.57,0.18,0.2,0.39
tract,NA,NA,09009170300,76.3,0.34,0.15,0.05,0.12,0.12,0.3,0.71,0.53,0.21,0.23,0.4
tract,NA,NA,09009170400,80.4,0.29,0.13,0.05,0.12,0.11,0.32,0.74,0.63,0.11,0.2,0.39
tract,NA,NA,09009170500,81.4,0.23,0.1,0.05,0.1,0.09,0.3,0.75,0.75,0.06,0.14,0.34
tract,NA,NA,09009170600,75.9,0.26,0.12,0.06,0.11,0.1,0.31,0.75,0.71,0.08,0.15,0.35
tract,NA,NA,09009170700,78.7,0.24,0.1,0.04,0.11,0.09,0.28,0.73,0.69,0.1,0.16,0.36
tract,NA,NA,09009170800,76.5,0.29,0.14,0.06,0.11,0.11,0.32,0.74,0.65,0.11,0.18,0.37
tract,NA,NA,09009170900,77.2,0.34,0.15,0.05,0.13,0.12,0.3,0.71,0.54,0.2,0.23,0.41
tract,NA,NA,09009171000,75.6,0.32,0.14,0.05,0.12,0.13,0.31,0.73,0.58,0.18,0.2,0.4
tract,NA,NA,09009171100,80,0.25,0.11,0.05,0.11,0.09,0.3,0.74,0.7,0.08,0.16,0.36
tract,NA,NA,09009171200,82,0.25,0.12,0.06,0.1,0.1,0.32,0.76,0.73,0.06,0.14,0.34
tract,NA,NA,09009171300,78.6,0.23,0.1,0.04,0.1,0.08,0.27,0.73,0.71,0.09,0.15,0.36
tract,NA,NA,09009171400,75.3,0.28,0.12,0.05,0.12,0.1,0.29,0.73,0.63,0.15,0.17,0.38
tract,NA,NA,09009171500,78.8,0.3,0.12,0.04,0.12,0.1,0.27,0.71,0.57,0.19,0.2,0.4
tract,NA,NA,09009171600,78.5,0.25,0.11,0.05,0.11,0.09,0.3,0.74,0.7,0.09,0.16,0.36
tract,NA,NA,09009171700,80.3,0.25,0.12,0.06,0.1,0.1,0.32,0.77,0.74,0.06,0.14,0.34
tract,NA,NA,09009175100,79.5,0.24,0.1,0.05,0.11,0.08,0.28,0.73,0.7,0.08,0.16,0.36
tract,NA,NA,09009175200,79.1,0.24,0.1,0.04,0.11,0.08,0.26,0.72,0.69,0.09,0.16,0.36
tract,NA,NA,09009175300,81.8,0.24,0.11,0.05,0.11,0.09,0.3,0.75,0.73,0.06,0.15,0.34
tract,NA,NA,09009175400,81.9,0.22,0.09,0.04,0.1,0.07,0.25,0.72,0.71,0.08,0.15,0.36
tract,NA,NA,09009175500,79.8,0.26,0.12,0.07,0.1,0.09,0.34,0.78,0.76,0.05,0.12,0.32
tract,NA,NA,09009175600,78.4,0.22,0.1,0.05,0.1,0.09,0.31,0.76,0.76,0.05,0.13,0.33
tract,NA,NA,09009175700,80.6,0.21,0.09,0.05,0.1,0.08,0.28,0.74,0.76,0.05,0.14,0.34
tract,NA,NA,09009175800,84.1,0.19,0.08,0.04,0.1,0.08,0.28,0.76,0.79,0.04,0.12,0.33
tract,NA,NA,09009175900,76.8,0.25,0.11,0.06,0.1,0.09,0.32,0.76,0.75,0.06,0.13,0.33
tract,NA,NA,09009176000,84.7,0.22,0.1,0.05,0.1,0.09,0.3,0.76,0.77,0.05,0.13,0.33
tract,NA,NA,09009180100,77.9,0.29,0.14,0.07,0.11,0.1,0.34,0.76,0.7,0.07,0.17,0.35
tract,NA,NA,09009180200,78.7,0.27,0.12,0.06,0.11,0.1,0.31,0.74,0.68,0.09,0.17,0.36
tract,NA,NA,09009180300,78.8,0.29,0.14,0.06,0.11,0.1,0.33,0.76,0.69,0.08,0.17,0.36
tract,NA,NA,09009180400,79.8,0.26,0.12,0.06,0.1,0.1,0.32,0.76,0.71,0.07,0.15,0.35
tract,NA,NA,09009180500,77.7,0.23,0.1,0.05,0.11,0.09,0.28,0.74,0.72,0.07,0.15,0.35
tract,NA,NA,09009180601,79.9,0.28,0.14,0.07,0.11,0.1,0.34,0.76,0.7,0.07,0.17,0.35
tract,NA,NA,09009180602,80.1,0.25,0.11,0.05,0.11,0.09,0.31,0.75,0.72,0.06,0.16,0.35
tract,NA,NA,09009184100,79.2,0.24,0.11,0.06,0.11,0.09,0.3,0.75,0.73,0.06,0.14,0.34
tract,NA,NA,09009184200,78.9,0.24,0.11,0.05,0.11,0.09,0.3,0.74,0.7,0.07,0.16,0.36
tract,NA,NA,09009184300,80.1,0.26,0.13,0.07,0.1,0.1,0.35,0.79,0.76,0.05,0.12,0.32
tract,NA,NA,09009184400,80.7,0.22,0.11,0.06,0.1,0.09,0.34,0.79,0.79,0.04,0.11,0.31
tract,NA,NA,09009184500,82.2,0.23,0.11,0.06,0.1,0.09,0.33,0.78,0.78,0.04,0.12,0.32
tract,NA,NA,09009184600,82.4,0.19,0.09,0.05,0.1,0.08,0.3,0.77,0.81,0.04,0.1,0.31
tract,NA,NA,09009186100,81.5,0.24,0.11,0.06,0.1,0.09,0.32,0.77,0.76,0.05,0.13,0.33
tract,NA,NA,09009186200,80.1,0.22,0.1,0.05,0.1,0.09,0.3,0.76,0.76,0.05,0.14,0.34
tract,NA,NA,09009190100,81.4,0.23,0.11,0.06,0.1,0.09,0.33,0.78,0.78,0.04,0.11,0.31
tract,NA,NA,09009190200,84.8,0.2,0.1,0.06,0.1,0.09,0.33,0.8,0.82,0.03,0.09,0.29
tract,NA,NA,09009190301,83.9,0.19,0.09,0.05,0.1,0.08,0.3,0.77,0.8,0.04,0.11,0.32
tract,NA,NA,09009190302,82,0.2,0.09,0.05,0.1,0.08,0.31,0.77,0.79,0.04,0.11,0.32
tract,NA,NA,09009190303,84.6,0.19,0.08,0.04,0.1,0.08,0.29,0.76,0.79,0.04,0.12,0.32
tract,NA,NA,09009194100,82,0.23,0.11,0.06,0.1,0.1,0.35,0.8,0.81,0.03,0.1,0.3
tract,NA,NA,09009194201,82.9,0.19,0.08,0.05,0.1,0.08,0.29,0.77,0.81,0.04,0.1,0.31
tract,NA,NA,09009194202,82.8,0.18,0.08,0.05,0.1,0.08,0.3,0.77,0.82,0.03,0.1,0.31
tract,NA,NA,09009343101,80.4,0.2,0.07,0.04,0.1,0.06,0.25,0.72,0.73,0.08,0.14,0.36
tract,NA,NA,09009343102,81.1,0.21,0.1,0.06,0.1,0.08,0.32,0.78,0.8,0.04,0.1,0.31
tract,NA,NA,09009343200,81.1,0.17,0.07,0.04,0.1,0.07,0.26,0.75,0.8,0.04,0.11,0.32
tract,NA,NA,09009343300,82.5,0.21,0.1,0.05,0.1,0.08,0.31,0.78,0.8,0.04,0.1,0.31
tract,NA,NA,09009343400,82.3,0.19,0.08,0.04,0.1,0.08,0.28,0.76,0.79,0.04,0.11,0.32
tract,NA,NA,09009344200,85.4,0.18,0.08,0.04,0.1,0.07,0.28,0.76,0.81,0.03,0.1,0.32
tract,NA,NA,09009345100,77.4,0.24,0.1,0.05,0.11,0.09,0.29,0.73,0.69,0.07,0.18,0.37
tract,NA,NA,09009345201,79.6,0.25,0.11,0.05,0.11,0.09,0.29,0.74,0.71,0.07,0.16,0.36
tract,NA,NA,09009345202,82.5,0.22,0.09,0.04,0.11,0.08,0.28,0.74,0.74,0.06,0.15,0.35
tract,NA,NA,09009345300,82.5,0.23,0.1,0.04,0.11,0.08,0.26,0.72,0.71,0.07,0.16,0.36
tract,NA,NA,09009345400,79,0.25,0.11,0.06,0.11,0.09,0.31,0.75,0.72,0.07,0.15,0.35
tract,NA,NA,09009346101,82.3,0.22,0.1,0.05,0.1,0.09,0.31,0.76,0.77,0.05,0.14,0.33
tract,NA,NA,09009346102,81.9,0.2,0.09,0.04,0.1,0.08,0.28,0.74,0.77,0.05,0.14,0.34
tract,NA,NA,09009347100,80.6,0.21,0.09,0.05,0.1,0.08,0.3,0.76,0.78,0.04,0.12,0.33
tract,NA,NA,09009347200,83.5,0.21,0.09,0.05,0.11,0.08,0.29,0.75,0.76,0.05,0.14,0.34
tract,NA,NA,09009348111,81.6,0.25,0.12,0.06,0.11,0.1,0.33,0.76,0.72,0.06,0.17,0.34
tract,NA,NA,09009348122,78.6,0.19,0.09,0.04,0.1,0.08,0.29,0.76,0.8,0.04,0.11,0.32
tract,NA,NA,09009348123,84.3,0.18,0.07,0.04,0.1,0.07,0.26,0.75,0.8,0.04,0.12,0.33
tract,NA,NA,09009348124,77.9,0.33,0.18,0.1,0.09,0.12,0.45,0.85,0.78,0.04,0.09,0.28
tract,NA,NA,09009348125,82.4,0.34,0.19,0.11,0.1,0.14,0.47,0.85,0.76,0.04,0.1,0.29
tract,NA,NA,09009350100,69.8,0.54,0.34,0.13,0.14,0.27,0.48,0.77,0.38,0.31,0.31,0.42
tract,NA,NA,09009350200,71.6,0.4,0.2,0.06,0.14,0.16,0.36,0.74,0.47,0.23,0.26,0.45
tract,NA,NA,09009350300,75.1,0.4,0.19,0.06,0.14,0.16,0.35,0.73,0.45,0.24,0.27,0.45
tract,NA,NA,09009350400,73.8,0.47,0.24,0.07,0.15,0.19,0.38,0.73,0.38,0.29,0.31,0.45
tract,NA,NA,09009350500,76.7,0.44,0.22,0.07,0.14,0.18,0.35,0.72,0.41,0.29,0.29,0.43
tract,NA,NA,09009350800,75.6,0.35,0.15,0.05,0.13,0.13,0.31,0.73,0.53,0.18,0.23,0.42
tract,NA,NA,09009350900,80.7,0.31,0.15,0.06,0.12,0.12,0.34,0.76,0.62,0.11,0.2,0.4
tract,NA,NA,09009351000,77.7,0.29,0.13,0.05,0.12,0.11,0.31,0.75,0.64,0.12,0.17,0.38
tract,NA,NA,09009351100,75.2,0.34,0.16,0.06,0.13,0.14,0.35,0.74,0.55,0.15,0.24,0.43
tract,NA,NA,09009351200,76.8,0.38,0.19,0.06,0.13,0.16,0.36,0.74,0.5,0.2,0.24,0.43
tract,NA,NA,09009351300,77.2,0.32,0.15,0.06,0.12,0.12,0.33,0.74,0.59,0.14,0.21,0.4
tract,NA,NA,09009351400,76.9,0.37,0.17,0.06,0.13,0.14,0.32,0.72,0.51,0.21,0.24,0.42
tract,NA,NA,09009351500,78.3,0.34,0.16,0.07,0.12,0.13,0.34,0.74,0.59,0.14,0.22,0.4
tract,NA,NA,09009351601,76.3,0.28,0.13,0.06,0.11,0.1,0.31,0.74,0.66,0.1,0.18,0.37
tract,NA,NA,09009351602,80.9,0.3,0.15,0.07,0.12,0.11,0.34,0.76,0.67,0.09,0.18,0.36
tract,NA,NA,09009351700,78.1,0.38,0.18,0.06,0.14,0.14,0.33,0.72,0.48,0.2,0.27,0.43
tract,NA,NA,09009351800,79.1,0.27,0.13,0.06,0.11,0.1,0.32,0.75,0.68,0.09,0.17,0.36
tract,NA,NA,09009351900,83.2,0.24,0.09,0.05,0.11,0.08,0.27,0.75,0.72,0.07,0.13,0.35
tract,NA,NA,09009352000,81.6,0.26,0.12,0.06,0.11,0.1,0.32,0.75,0.69,0.08,0.17,0.36
tract,NA,NA,09009352100,73.9,0.31,0.15,0.06,0.12,0.12,0.34,0.75,0.62,0.11,0.2,0.39
tract,NA,NA,09009352200,75.3,0.38,0.16,0.05,0.14,0.13,0.3,0.73,0.5,0.21,0.25,0.43
tract,NA,NA,09009352300,77.3,0.35,0.18,0.07,0.13,0.14,0.36,0.75,0.56,0.15,0.23,0.41
tract,NA,NA,09009352400,75.6,0.35,0.17,0.06,0.13,0.14,0.36,0.75,0.56,0.15,0.23,0.41
tract,NA,NA,09009352500,78.5,0.33,0.17,0.07,0.12,0.13,0.37,0.76,0.62,0.11,0.2,0.39
tract,NA,NA,09009352600,77.8,0.32,0.15,0.06,0.12,0.12,0.34,0.75,0.61,0.11,0.21,0.39
tract,NA,NA,09009352701,75.4,0.3,0.14,0.06,0.12,0.11,0.33,0.75,0.65,0.1,0.18,0.36
tract,NA,NA,09009352702,74.7,0.27,0.12,0.06,0.11,0.1,0.32,0.75,0.69,0.1,0.16,0.37
tract,NA,NA,09009361100,80,0.23,0.1,0.05,0.11,0.08,0.3,0.75,0.75,0.05,0.15,0.34
tract,NA,NA,09009361200,79.1,0.23,0.1,0.05,0.1,0.08,0.3,0.76,0.76,0.05,0.14,0.34
tract,NA,NA,09009361300,78.8,0.22,0.1,0.05,0.1,0.08,0.29,0.75,0.76,0.05,0.14,0.34
tract,NA,NA,09009361401,77.2,0.24,0.06,0.02,0.12,0.05,0.17,0.69,0.65,0.08,0.12,0.35
tract,NA,NA,09009361500,75.5,0.26,0.09,0.04,0.12,0.08,0.24,0.72,0.66,0.1,0.14,0.38
tract,NA,NA,09011650100,82.3,0.22,0.1,0.06,0.1,0.1,0.32,0.81,0.81,0.04,0.1,0.29
tract,NA,NA,09011660101,82.2,0.22,0.1,0.06,0.1,0.09,0.32,0.81,0.81,0.04,0.1,0.3
tract,NA,NA,09011690300,75.2,0.34,0.15,0.06,0.13,0.13,0.32,0.76,0.58,0.15,0.21,0.39
tract,NA,NA,09011690400,72.5,0.32,0.14,0.05,0.12,0.13,0.3,0.75,0.57,0.17,0.21,0.4
tract,NA,NA,09011690500,69.8,0.36,0.16,0.06,0.13,0.14,0.32,0.75,0.54,0.16,0.24,0.4
tract,NA,NA,09011690700,72,0.32,0.14,0.05,0.13,0.12,0.31,0.76,0.59,0.14,0.21,0.4
tract,NA,NA,09011690800,75.5,0.32,0.14,0.06,0.12,0.12,0.32,0.77,0.63,0.12,0.19,0.37
tract,NA,NA,09011690900,80.3,0.22,0.09,0.05,0.11,0.08,0.26,0.77,0.77,0.06,0.11,0.32
tract,NA,NA,09011693300,80.2,0.24,0.11,0.06,0.1,0.09,0.31,0.79,0.77,0.05,0.13,0.32
tract,NA,NA,09011693400,76.4,0.3,0.15,0.08,0.11,0.12,0.35,0.79,0.7,0.07,0.16,0.34
tract,NA,NA,09011693500,80.9,0.22,0.1,0.06,0.1,0.09,0.3,0.8,0.8,0.04,0.11,0.31
tract,NA,NA,09011693600,78,0.23,0.1,0.06,0.11,0.09,0.3,0.78,0.76,0.05,0.13,0.33
tract,NA,NA,09011693700,81.7,0.23,0.1,0.06,0.1,0.09,0.3,0.79,0.78,0.05,0.12,0.32
tract,NA,NA,09011695201,84.7,0.26,0.11,0.06,0.11,0.1,0.3,0.78,0.72,0.07,0.16,0.34
tract,NA,NA,09011695202,78.7,0.23,0.1,0.05,0.11,0.09,0.28,0.77,0.74,0.06,0.16,0.35
tract,NA,NA,09011696100,79.3,0.29,0.13,0.06,0.12,0.1,0.31,0.77,0.68,0.08,0.18,0.36
tract,NA,NA,09011696200,81.7,0.23,0.1,0.05,0.11,0.09,0.28,0.77,0.75,0.06,0.14,0.33
tract,NA,NA,09011696300,79.9,0.26,0.11,0.06,0.11,0.1,0.31,0.79,0.75,0.06,0.14,0.32
tract,NA,NA,09011696400,77.2,0.34,0.15,0.06,0.13,0.12,0.32,0.76,0.59,0.13,0.23,0.39
tract,NA,NA,09011696500,77,0.27,0.12,0.06,0.12,0.1,0.3,0.77,0.69,0.08,0.17,0.35
tract,NA,NA,09011696600,80.3,0.26,0.11,0.06,0.11,0.1,0.29,0.77,0.7,0.08,0.16,0.35
tract,NA,NA,09011696700,76,0.3,0.13,0.06,0.12,0.12,0.3,0.76,0.63,0.1,0.19,0.38
tract,NA,NA,09011696800,75.6,0.29,0.11,0.04,0.12,0.1,0.27,0.74,0.61,0.13,0.21,0.39
tract,NA,NA,09011697000,71.4,0.34,0.16,0.07,0.12,0.13,0.32,0.76,0.6,0.12,0.21,0.38
tract,NA,NA,09011700100,79,0.26,0.12,0.06,0.11,0.1,0.32,0.78,0.73,0.06,0.16,0.34
tract,NA,NA,09011701100,80.6,0.21,0.08,0.05,0.11,0.08,0.26,0.77,0.77,0.05,0.13,0.33
tract,NA,NA,09011701200,83.2,0.22,0.1,0.05,0.11,0.09,0.28,0.78,0.76,0.05,0.13,0.33
tract,NA,NA,09011702100,81.9,0.22,0.1,0.05,0.11,0.09,0.28,0.78,0.75,0.05,0.14,0.33
tract,NA,NA,09011702300,77.7,0.23,0.09,0.04,0.11,0.07,0.24,0.75,0.73,0.07,0.13,0.34
tract,NA,NA,09011702400,78.5,0.22,0.08,0.04,0.11,0.08,0.25,0.75,0.73,0.06,0.14,0.35
tract,NA,NA,09011702500,75.9,0.3,0.12,0.05,0.12,0.1,0.27,0.75,0.62,0.12,0.2,0.38
tract,NA,NA,09011702600,83,0.19,0.06,0.04,0.09,0.05,0.19,0.72,0.79,0.06,0.09,0.3
tract,NA,NA,09011702700,77.2,0.26,0.11,0.06,0.11,0.09,0.28,0.77,0.72,0.07,0.13,0.33
tract,NA,NA,09011702800,77.5,0.27,0.12,0.06,0.12,0.11,0.3,0.77,0.68,0.09,0.17,0.36
tract,NA,NA,09011703000,81.7,0.21,0.09,0.06,0.1,0.09,0.31,0.8,0.81,0.04,0.1,0.29
tract,NA,NA,09011705101,85.1,0.21,0.09,0.05,0.1,0.08,0.28,0.78,0.78,0.05,0.13,0.32
tract,NA,NA,09011705102,84.5,0.27,0.12,0.06,0.12,0.1,0.31,0.78,0.71,0.06,0.16,0.34
tract,NA,NA,09011705200,85.7,0.23,0.11,0.06,0.1,0.1,0.33,0.81,0.79,0.04,0.11,0.3
tract,NA,NA,09011705300,86.8,0.26,0.12,0.07,0.1,0.1,0.35,0.82,0.79,0.04,0.1,0.29
tract,NA,NA,09011705400,75.7,0.22,0.1,0.06,0.1,0.09,0.3,0.79,0.78,0.04,0.13,0.32
tract,NA,NA,09011707100,79.9,0.24,0.1,0.06,0.11,0.1,0.3,0.78,0.75,0.05,0.15,0.33
tract,NA,NA,09011708100,84.4,0.24,0.1,0.05,0.11,0.09,0.29,0.77,0.73,0.06,0.17,0.35
tract,NA,NA,09011709100,80.1,0.24,0.1,0.05,0.11,0.09,0.28,0.76,0.73,0.06,0.17,0.35
tract,NA,NA,09011709200,75.4,0.28,0.12,0.06,0.12,0.1,0.28,0.75,0.66,0.08,0.2,0.36
tract,NA,NA,09011710100,81.2,0.23,0.1,0.05,0.11,0.09,0.28,0.77,0.76,0.05,0.14,0.33
tract,NA,NA,09011711100,80.3,0.25,0.1,0.05,0.12,0.09,0.28,0.76,0.71,0.07,0.17,0.35
tract,NA,NA,09011712100,78.8,0.24,0.1,0.05,0.11,0.09,0.3,0.77,0.75,0.05,0.15,0.33
tract,NA,NA,09011713100,77.9,0.24,0.1,0.06,0.11,0.09,0.29,0.77,0.75,0.06,0.15,0.34
tract,NA,NA,09011714101,77.8,0.26,0.12,0.06,0.11,0.1,0.3,0.78,0.74,0.06,0.15,0.33
tract,NA,NA,09011714103,78.4,0.2,0.08,0.04,0.11,0.07,0.25,0.76,0.77,0.05,0.14,0.33
tract,NA,NA,09011714104,80,0.22,0.09,0.05,0.11,0.08,0.27,0.77,0.77,0.05,0.14,0.33
tract,NA,NA,09011715100,83.7,0.19,0.07,0.04,0.1,0.07,0.26,0.77,0.79,0.04,0.12,0.32
tract,NA,NA,09011716101,81.1,0.24,0.1,0.04,0.12,0.08,0.26,0.76,0.71,0.08,0.15,0.36
tract,NA,NA,09011716102,81.4,0.2,0.09,0.05,0.1,0.09,0.28,0.79,0.78,0.04,0.12,0.32
tract,NA,NA,09011870100,79.8,0.23,0.1,0.05,0.11,0.09,0.28,0.77,0.75,0.05,0.15,0.34
tract,NA,NA,09011870200,82,0.26,0.08,0.03,0.12,0.06,0.2,0.71,0.64,0.1,0.19,0.38
tract,NA,NA,09011870300,83.3,0.33,0.09,0.03,0.14,0.08,0.2,0.72,0.59,0.13,0.17,0.37
tract,NA,NA,09011870501,79,0.26,0.12,0.06,0.11,0.11,0.3,0.78,0.7,0.07,0.16,0.35
tract,NA,NA,09011870502,85,0.26,0.09,0.04,0.1,0.08,0.26,0.72,0.64,0.13,0.19,0.38
tract,NA,NA,09011870701,82.2,0.23,0.1,0.06,0.1,0.1,0.32,0.8,0.79,0.04,0.11,0.3
tract,NA,NA,09011870703,78.8,0.22,0.1,0.06,0.1,0.09,0.31,0.8,0.8,0.04,0.11,0.31
tract,NA,NA,09011870704,80.6,0.23,0.1,0.06,0.1,0.09,0.31,0.8,0.79,0.04,0.11,0.3
tract,NA,NA,09013526101,86.1,0.19,0.08,0.04,0.1,0.07,0.27,0.77,0.77,0.04,0.12,0.32
tract,NA,NA,09013526102,82.7,0.2,0.09,0.05,0.11,0.08,0.29,0.78,0.76,0.04,0.12,0.32
tract,NA,NA,09013528100,85.2,0.21,0.09,0.05,0.11,0.08,0.29,0.78,0.75,0.05,0.14,0.33
tract,NA,NA,09013529100,80.9,0.22,0.1,0.05,0.11,0.09,0.31,0.78,0.74,0.05,0.13,0.32
tract,NA,NA,09013530100,75.9,0.26,0.11,0.06,0.11,0.09,0.3,0.78,0.71,0.06,0.14,0.33
tract,NA,NA,09013530200,76,0.31,0.14,0.06,0.13,0.1,0.31,0.76,0.58,0.1,0.21,0.38
tract,NA,NA,09013530301,79,0.26,0.12,0.05,0.12,0.09,0.3,0.77,0.66,0.07,0.17,0.36
tract,NA,NA,09013530302,80.9,0.22,0.1,0.05,0.1,0.08,0.3,0.79,0.75,0.05,0.11,0.31
tract,NA,NA,09013530400,80.2,0.23,0.1,0.05,0.11,0.08,0.28,0.77,0.7,0.06,0.14,0.34
tract,NA,NA,09013530500,81.4,0.24,0.11,0.06,0.11,0.09,0.32,0.79,0.73,0.05,0.13,0.33
tract,NA,NA,09013533101,81.4,0.19,0.08,0.04,0.1,0.07,0.28,0.78,0.76,0.04,0.12,0.32
tract,NA,NA,09013535100,82.5,0.2,0.09,0.04,0.11,0.08,0.28,0.77,0.75,0.05,0.13,0.32
tract,NA,NA,09013535200,81.6,0.21,0.09,0.05,0.11,0.08,0.28,0.77,0.74,0.05,0.14,0.33
tract,NA,NA,09013538201,81.2,0.21,0.09,0.05,0.11,0.08,0.3,0.78,0.76,0.04,0.12,0.32
tract,NA,NA,09013538202,82,0.22,0.1,0.05,0.1,0.08,0.31,0.79,0.76,0.04,0.12,0.32
tract,NA,NA,09013840100,80.6,0.23,0.09,0.05,0.11,0.08,0.27,0.76,0.71,0.06,0.14,0.33
tract,NA,NA,09013850100,83.2,0.19,0.08,0.04,0.11,0.07,0.28,0.78,0.77,0.04,0.12,0.33
tract,NA,NA,09013850200,79.7,0.2,0.08,0.04,0.11,0.07,0.27,0.77,0.75,0.05,0.13,0.33
tract,NA,NA,09013860100,81.9,0.21,0.09,0.05,0.11,0.08,0.3,0.79,0.76,0.04,0.12,0.32
tract,NA,NA,09013881100,83.2,0.25,0.12,0.06,0.11,0.1,0.32,0.79,0.71,0.05,0.13,0.33
tract,NA,NA,09013881500,81.9,0.26,0.11,0.05,0.12,0.09,0.29,0.77,0.69,0.06,0.13,0.33
tract,NA,NA,09013890100,75.8,0.25,0.11,0.05,0.12,0.08,0.29,0.76,0.68,0.07,0.16,0.35
tract,NA,NA,09013890201,81.5,0.24,0.1,0.06,0.11,0.09,0.31,0.78,0.72,0.06,0.15,0.34
tract,NA,NA,09013890202,79.8,0.25,0.12,0.06,0.11,0.09,0.32,0.78,0.71,0.06,0.16,0.34
tract,NA,NA,09015800300,77.5,0.39,0.13,0.04,0.14,0.1,0.24,0.7,0.55,0.15,0.18,0.36
tract,NA,NA,09015800400,79.8,0.29,0.13,0.05,0.11,0.11,0.3,0.74,0.66,0.12,0.16,0.35
tract,NA,NA,09015800500,77.4,0.32,0.16,0.07,0.12,0.12,0.34,0.76,0.68,0.09,0.17,0.34
tract,NA,NA,09015800600,73.8,0.37,0.15,0.04,0.13,0.12,0.28,0.7,0.5,0.23,0.23,0.38
tract,NA,NA,09015800700,79.5,0.34,0.16,0.06,0.12,0.12,0.32,0.74,0.61,0.12,0.18,0.36
tract,NA,NA,09015815000,78.3,0.26,0.12,0.05,0.11,0.1,0.31,0.74,0.71,0.06,0.16,0.34
tract,NA,NA,09015820000,83.6,0.26,0.12,0.06,0.11,0.1,0.32,0.76,0.74,0.05,0.15,0.33
tract,NA,NA,09015825000,80.3,0.25,0.12,0.05,0.11,0.09,0.31,0.75,0.73,0.06,0.16,0.34
tract,NA,NA,09015830100,78.1,0.24,0.11,0.05,0.11,0.09,0.3,0.75,0.73,0.06,0.15,0.33
tract,NA,NA,09015900100,79.3,0.25,0.11,0.05,0.11,0.09,0.31,0.75,0.74,0.05,0.15,0.33
tract,NA,NA,09015900200,82.1,0.28,0.13,0.06,0.11,0.1,0.32,0.75,0.71,0.06,0.16,0.34
tract,NA,NA,09015901100,82.6,0.23,0.11,0.05,0.11,0.09,0.3,0.76,0.76,0.05,0.13,0.32
tract,NA,NA,09015902200,83.5,0.24,0.11,0.05,0.11,0.09,0.31,0.76,0.75,0.05,0.14,0.32
tract,NA,NA,09015903100,75.8,0.29,0.13,0.06,0.12,0.1,0.31,0.74,0.68,0.07,0.18,0.34
tract,NA,NA,09015903200,80.8,0.27,0.13,0.06,0.11,0.1,0.34,0.77,0.74,0.05,0.14,0.32
tract,NA,NA,09015904100,80,0.28,0.13,0.06,0.11,0.1,0.31,0.74,0.7,0.07,0.18,0.34
tract,NA,NA,09015904400,78.7,0.32,0.15,0.06,0.12,0.11,0.33,0.75,0.66,0.08,0.19,0.34
tract,NA,NA,09015904500,75.4,0.31,0.15,0.06,0.12,0.11,0.32,0.74,0.65,0.09,0.19,0.35
tract,NA,NA,09015905100,79.7,0.28,0.13,0.06,0.11,0.1,0.32,0.75,0.7,0.07,0.17,0.34
tract,NA,NA,09015907100,78.1,0.28,0.13,0.05,0.12,0.09,0.3,0.74,0.68,0.08,0.19,0.35
tract,NA,NA,09015907200,82,0.32,0.15,0.06,0.12,0.11,0.32,0.73,0.63,0.09,0.22,0.36
tract,NA,NA,09015907300,77.5,0.28,0.13,0.06,0.11,0.09,0.31,0.74,0.69,0.07,0.18,0.35
tract,NA,NA,09015908100,81.6,0.25,0.11,0.04,0.11,0.09,0.28,0.73,0.71,0.06,0.18,0.35
town,NA,NA,Beacon Falls,NA,0.22,0.09,0.05,0.11,0.08,0.29,0.75,0.75,0.05,0.14,0.34
town,NA,NA,Canterbury,NA,0.25,0.11,0.05,0.11,0.09,0.3,0.75,0.74,0.06,0.16,0.34
town,NA,NA,Cornwall,NA,0.25,0.12,0.07,0.1,0.1,0.33,0.77,0.74,0.05,0.12,0.31
town,NA,NA,Pomfret,NA,0.23,0.1,0.05,0.11,0.09,0.29,0.76,0.76,0.04,0.13,0.32
town,NA,NA,Roxbury,NA,0.2,0.09,0.06,0.1,0.09,0.3,0.77,0.78,0.04,0.1,0.3
town,NA,NA,Warren,NA,0.21,0.1,0.06,0.1,0.09,0.3,0.76,0.76,0.04,0.11,0.3
tract,NA,NA,09001035200,NA,0.14,0.07,0.04,0.09,0.06,0.25,0.75,0.83,0.03,0.07,0.27
tract,NA,NA,09001044000,NA,0.28,0.13,0.05,0.12,0.11,0.28,0.7,0.56,0.18,0.18,0.37
tract,NA,NA,09001045300,NA,0.15,0.07,0.04,0.09,0.06,0.24,0.74,0.83,0.03,0.07,0.27
tract,NA,NA,09001070300,NA,0.46,0.22,0.05,0.17,0.15,0.31,0.7,0.32,0.35,0.32,0.45
tract,NA,NA,09001200100,NA,0.18,0.08,0.04,0.1,0.06,0.23,0.7,0.74,0.07,0.12,0.31
tract,NA,NA,09001211100,NA,0.18,0.07,0.01,0.14,0.05,0.16,0.71,0.71,0.1,0.13,0.38
tract,NA,NA,09001245500,NA,0.15,0.07,0.04,0.09,0.06,0.25,0.75,0.83,0.03,0.07,0.27
tract,NA,NA,09003400200,NA,0.23,0.1,0.05,0.11,0.09,0.31,0.78,0.77,0.04,0.12,0.32
tract,NA,NA,09003417300,NA,0.47,0.07,0.01,0.18,0.03,0.16,0.7,0.43,0.14,0.18,0.39
tract,NA,NA,09003462101,NA,0.22,0.1,0.06,0.1,0.09,0.33,0.8,0.8,0.03,0.09,0.3
tract,NA,NA,09003464101,NA,0.22,0.09,0.05,0.11,0.09,0.31,0.78,0.78,0.04,0.11,0.31
tract,NA,NA,09003492100,NA,0.22,0.09,0.05,0.11,0.08,0.3,0.78,0.78,0.04,0.1,0.31
tract,NA,NA,09003500100,NA,0.44,0.2,0.06,0.15,0.17,0.33,0.73,0.42,0.3,0.24,0.42
tract,NA,NA,09003500700,NA,0.34,0.09,0.04,0.11,0.09,0.27,0.66,0.45,0.25,0.23,0.42
tract,NA,NA,09003501700,NA,0.44,0.22,0.07,0.15,0.2,0.4,0.77,0.43,0.22,0.25,0.45
tract,NA,NA,09003503800,NA,0.35,0.06,0.02,0.16,0.04,0.16,0.71,0.57,0.1,0.13,0.37
tract,NA,NA,09003504100,NA,0.41,0.18,0.06,0.14,0.15,0.32,0.73,0.46,0.25,0.23,0.42
tract,NA,NA,09003524300,NA,0.25,0.09,0.04,0.1,0.08,0.28,0.73,0.67,0.1,0.15,0.37
tract,NA,NA,09003524600,NA,0.32,0.14,0.05,0.13,0.14,0.35,0.77,0.54,0.12,0.19,0.43
tract,NA,NA,09005253500,NA,0.22,0.1,0.05,0.1,0.08,0.28,0.74,0.73,0.05,0.13,0.32
tract,NA,NA,09005263200,NA,0.25,0.12,0.07,0.1,0.1,0.33,0.77,0.74,0.05,0.12,0.31
tract,NA,NA,09005265100,NA,0.21,0.1,0.06,0.1,0.09,0.3,0.76,0.76,0.04,0.11,0.3
tract,NA,NA,09005268100,NA,0.2,0.09,0.06,0.1,0.09,0.3,0.77,0.78,0.04,0.1,0.3
tract,NA,NA,09005310500,NA,0.3,0.16,0.08,0.11,0.11,0.35,0.76,0.68,0.07,0.15,0.32
tract,NA,NA,09007541500,NA,0.22,0.05,0.02,0.12,0.04,0.14,0.72,0.72,0.06,0.09,0.3
tract,NA,NA,09007610300,NA,0.23,0.11,0.05,0.11,0.09,0.29,0.78,0.74,0.06,0.14,0.3
tract,NA,NA,09009142100,NA,0.28,0.11,0.04,0.12,0.1,0.27,0.72,0.58,0.14,0.18,0.4
tract,NA,NA,09009155100,NA,0.31,0.16,0.07,0.12,0.12,0.36,0.76,0.64,0.1,0.2,0.37
tract,NA,NA,09009166002,NA,0.22,0.07,0.04,0.11,0.06,0.21,0.73,0.78,0.05,0.09,0.31
tract,NA,NA,09009170100,NA,0.38,0.16,0.05,0.13,0.13,0.3,0.71,0.47,0.26,0.25,0.42
tract,NA,NA,09009184700,NA,0.22,0.1,0.05,0.1,0.09,0.31,0.76,0.76,0.05,0.13,0.33
tract,NA,NA,09009341100,NA,0.22,0.09,0.05,0.11,0.08,0.29,0.75,0.75,0.05,0.14,0.34
tract,NA,NA,09009344100,NA,0.23,0.1,0.06,0.1,0.09,0.32,0.77,0.77,0.05,0.12,0.32
tract,NA,NA,09009352800,NA,0.31,0.15,0.06,0.12,0.12,0.33,0.75,0.62,0.12,0.19,0.38
tract,NA,NA,09009361402,NA,0.2,0.02,0.01,0.12,0.02,0.09,0.66,0.71,0.07,0.08,0.34
tract,NA,NA,09011660102,NA,0.23,0.11,0.06,0.1,0.1,0.32,0.8,0.78,0.04,0.12,0.31
tract,NA,NA,09011702900,NA,0.23,0.1,0.07,0.1,0.1,0.33,0.82,0.81,0.03,0.09,0.29
tract,NA,NA,09011980000,NA,0.22,0.02,0.01,0.09,0.02,0.09,0.64,0.67,0.1,0.11,0.34
tract,NA,NA,09013530600,NA,0.2,0.09,0.05,0.1,0.08,0.31,0.8,0.77,0.04,0.11,0.31
tract,NA,NA,09013533102,NA,0.19,0.08,0.04,0.1,0.08,0.28,0.78,0.77,0.04,0.11,0.32
tract,NA,NA,09013538100,NA,0.23,0.07,0.03,0.09,0.08,0.27,0.7,0.57,0.16,0.19,0.42
tract,NA,NA,09013881200,NA,0.33,0.04,0.01,0.16,0.02,0.11,0.7,0.56,0.1,0.12,0.36
tract,NA,NA,09013881300,NA,0.26,0.08,0.04,0.12,0.06,0.22,0.73,0.63,0.08,0.14,0.35
tract,NA,NA,09015902500,NA,0.23,0.1,0.05,0.11,0.09,0.29,0.76,0.76,0.04,0.13,0.32
tract,NA,NA,09015906100,NA,0.25,0.11,0.05,0.11,0.09,0.3,0.75,0.74,0.06,0.16,0.34
